
/*!40101 SET @OLD_CHARACTER_SET_CLIENT=@@CHARACTER_SET_CLIENT */;
/*!40101 SET @OLD_CHARACTER_SET_RESULTS=@@CHARACTER_SET_RESULTS */;
/*!40101 SET @OLD_COLLATION_CONNECTION=@@COLLATION_CONNECTION */;
/*!50503 SET NAMES utf8mb4 */;
/*!40103 SET @OLD_TIME_ZONE=@@TIME_ZONE */;
/*!40103 SET TIME_ZONE='+00:00' */;
/*!40014 SET @OLD_UNIQUE_CHECKS=@@UNIQUE_CHECKS, UNIQUE_CHECKS=0 */;
/*!40014 SET @OLD_FOREIGN_KEY_CHECKS=@@FOREIGN_KEY_CHECKS, FOREIGN_KEY_CHECKS=0 */;
/*!40101 SET @OLD_SQL_MODE=@@SQL_MODE, SQL_MODE='NO_AUTO_VALUE_ON_ZERO' */;
/*!40111 SET @OLD_SQL_NOTES=@@SQL_NOTES, SQL_NOTES=0 */;
DROP TABLE IF EXISTS `address_reference_images`;
/*!40101 SET @saved_cs_client     = @@character_set_client */;
/*!50503 SET character_set_client = utf8mb4 */;
CREATE TABLE `address_reference_images` (
  `id` bigint NOT NULL AUTO_INCREMENT,
  `customer_address_id` bigint NOT NULL,
  `reference_image_url` varchar(1024) COLLATE utf8mb4_unicode_ci NOT NULL,
  `source_order_id` bigint DEFAULT NULL,
  `updated_by_rider_name` varchar(64) COLLATE utf8mb4_unicode_ci DEFAULT NULL,
  `created_at` datetime NOT NULL DEFAULT CURRENT_TIMESTAMP,
  `updated_at` datetime NOT NULL DEFAULT CURRENT_TIMESTAMP ON UPDATE CURRENT_TIMESTAMP,
  PRIMARY KEY (`id`),
  UNIQUE KEY `uk_address_reference_images_address` (`customer_address_id`),
  KEY `idx_address_reference_images_address` (`customer_address_id`)
) ENGINE=InnoDB DEFAULT CHARSET=utf8mb4 COLLATE=utf8mb4_unicode_ci;
/*!40101 SET character_set_client = @saved_cs_client */;

LOCK TABLES `address_reference_images` WRITE;
/*!40000 ALTER TABLE `address_reference_images` DISABLE KEYS */;
/*!40000 ALTER TABLE `address_reference_images` ENABLE KEYS */;
UNLOCK TABLES;
DROP TABLE IF EXISTS `admin_settings`;
/*!40101 SET @saved_cs_client     = @@character_set_client */;
/*!50503 SET character_set_client = utf8mb4 */;
CREATE TABLE `admin_settings` (
  `id` bigint NOT NULL,
  `ordering_enabled` tinyint(1) NOT NULL,
  `holiday_notice_title` varchar(128) COLLATE utf8mb4_unicode_ci NOT NULL,
  `holiday_notice_desc` varchar(255) COLLATE utf8mb4_unicode_ci NOT NULL,
  `updated_at` timestamp NOT NULL DEFAULT CURRENT_TIMESTAMP,
  `banner_images` text COLLATE utf8mb4_unicode_ci,
  `popup_announcement_enabled` tinyint(1) DEFAULT '0',
  `popup_announcement_content` text COLLATE utf8mb4_unicode_ci,
  `banner_interval_seconds` int NOT NULL DEFAULT '3',
  `package_expiry_reminder_days` int NOT NULL DEFAULT '7',
  `package_low_balance_threshold` int NOT NULL DEFAULT '3',
  `meal_reminder_popup_enabled` tinyint(1) NOT NULL DEFAULT '1',
  `delivery_subscribe_enabled` tinyint(1) NOT NULL DEFAULT '1',
  `delivery_subscribe_trigger_time` varchar(5) COLLATE utf8mb4_unicode_ci NOT NULL DEFAULT '17:30',
  `delivery_subscribe_lunch_time` varchar(5) COLLATE utf8mb4_unicode_ci NOT NULL DEFAULT '11:30',
  `delivery_subscribe_dinner_time` varchar(5) COLLATE utf8mb4_unicode_ci NOT NULL DEFAULT '17:30',
  PRIMARY KEY (`id`)
) ENGINE=InnoDB DEFAULT CHARSET=utf8mb4 COLLATE=utf8mb4_unicode_ci;
/*!40101 SET character_set_client = @saved_cs_client */;

LOCK TABLES `admin_settings` WRITE;
/*!40000 ALTER TABLE `admin_settings` DISABLE KEYS */;
INSERT INTO `admin_settings` VALUES (1,1,'A','B','2026-06-12 10:30:01','[{\"imageUrl\":\"/uploads/settings-banners/manual/green.jpg\",\"enabled\":true},{\"imageUrl\":\"/uploads/settings-banners/2026-06-12/banner-1781260176683-33b5df2e-a563-43ec-9a8b-7e298f81993e.jpg\",\"enabled\":true}]',0,'',3,7,3,1,1,'17:30','17:30','17:30');
/*!40000 ALTER TABLE `admin_settings` ENABLE KEYS */;
UNLOCK TABLES;
DROP TABLE IF EXISTS `aftersale_actions`;
/*!40101 SET @saved_cs_client     = @@character_set_client */;
/*!50503 SET character_set_client = utf8mb4 */;
CREATE TABLE `aftersale_actions` (
  `id` bigint NOT NULL AUTO_INCREMENT,
  `aftersale_case_id` bigint NOT NULL,
  `action_type` varchar(32) COLLATE utf8mb4_unicode_ci NOT NULL,
  `action_note` varchar(255) COLLATE utf8mb4_unicode_ci DEFAULT NULL,
  `operator_name` varchar(64) COLLATE utf8mb4_unicode_ci NOT NULL,
  `created_at` timestamp NOT NULL DEFAULT CURRENT_TIMESTAMP,
  PRIMARY KEY (`id`)
) ENGINE=InnoDB AUTO_INCREMENT=9 DEFAULT CHARSET=utf8mb4 COLLATE=utf8mb4_unicode_ci;
/*!40101 SET character_set_client = @saved_cs_client */;

LOCK TABLES `aftersale_actions` WRITE;
/*!40000 ALTER TABLE `aftersale_actions` DISABLE KEYS */;
INSERT INTO `aftersale_actions` VALUES (1,1,'CREATE','临时有事','小程序用户','2026-05-28 16:50:51'),(2,1,'AUTO_REFUND_TO_WALLET','未送达自动退款','系统自动处理','2026-05-28 16:50:51'),(3,2,'CREATE','临时有事','小程序用户','2026-05-28 16:51:16'),(4,2,'AUTO_REFUND_TO_WALLET','未送达自动退款','系统自动处理','2026-05-28 16:51:16'),(5,3,'CREATE','后台发起售后跟进','后台客服','2026-05-28 17:31:52'),(6,4,'CREATE','临时有事','小程序用户','2026-05-29 03:55:57'),(7,4,'REJECT','1','后台客服','2026-05-29 03:56:53'),(8,5,'CREATE','临时有事','小程序用户','2026-05-29 04:19:42');
/*!40000 ALTER TABLE `aftersale_actions` ENABLE KEYS */;
UNLOCK TABLES;
DROP TABLE IF EXISTS `aftersale_cases`;
/*!40101 SET @saved_cs_client     = @@character_set_client */;
/*!50503 SET character_set_client = utf8mb4 */;
CREATE TABLE `aftersale_cases` (
  `id` bigint NOT NULL AUTO_INCREMENT,
  `meal_slot_order_id` bigint NOT NULL,
  `customer_id` bigint NOT NULL,
  `issue_type` varchar(32) COLLATE utf8mb4_unicode_ci NOT NULL,
  `issue_desc` varchar(255) COLLATE utf8mb4_unicode_ci DEFAULT NULL,
  `resolution_type` varchar(32) COLLATE utf8mb4_unicode_ci NOT NULL,
  `rollback_meal` tinyint(1) NOT NULL DEFAULT '0',
  `bonus_meals` int NOT NULL DEFAULT '0',
  `compensation_item` varchar(128) COLLATE utf8mb4_unicode_ci DEFAULT NULL,
  `status` varchar(32) COLLATE utf8mb4_unicode_ci NOT NULL DEFAULT 'PENDING',
  `operator_name` varchar(64) COLLATE utf8mb4_unicode_ci NOT NULL,
  `created_at` timestamp NOT NULL DEFAULT CURRENT_TIMESTAMP,
  `updated_at` timestamp NOT NULL DEFAULT CURRENT_TIMESTAMP,
  `source` varchar(32) COLLATE utf8mb4_unicode_ci NOT NULL DEFAULT 'ADMIN_DIRECT',
  `reason_code` varchar(64) COLLATE utf8mb4_unicode_ci DEFAULT NULL,
  `user_remark` varchar(255) COLLATE utf8mb4_unicode_ci DEFAULT NULL,
  `admin_remark` varchar(255) COLLATE utf8mb4_unicode_ci DEFAULT NULL,
  `resolution_action` varchar(64) COLLATE utf8mb4_unicode_ci DEFAULT NULL,
  `wallet_delta` int NOT NULL DEFAULT '0',
  `refund_blocking` tinyint(1) NOT NULL DEFAULT '0',
  `requested_at` timestamp NOT NULL DEFAULT CURRENT_TIMESTAMP,
  `processed_at` timestamp NULL DEFAULT NULL,
  `processed_by` varchar(64) COLLATE utf8mb4_unicode_ci DEFAULT NULL,
  `source_category` varchar(32) COLLATE utf8mb4_unicode_ci NOT NULL DEFAULT 'NORMAL',
  `issue_param_summary` varchar(255) COLLATE utf8mb4_unicode_ci NOT NULL DEFAULT '',
  `estimated_loss_meals` int NOT NULL DEFAULT '0',
  `settled_loss_meals` int NOT NULL DEFAULT '0',
  `gift_zero_meal_count` int NOT NULL DEFAULT '0',
  `gift_veggie_juice_count` int NOT NULL DEFAULT '0',
  PRIMARY KEY (`id`),
  KEY `idx_aftersale_cases_status_type_requested` (`status`,`issue_type`,`requested_at`),
  KEY `idx_aftersale_cases_order_status` (`meal_slot_order_id`,`status`),
  KEY `idx_aftersale_cases_requested_source_category` (`requested_at`,`source_category`)
) ENGINE=InnoDB AUTO_INCREMENT=6 DEFAULT CHARSET=utf8mb4 COLLATE=utf8mb4_unicode_ci;
/*!40101 SET character_set_client = @saved_cs_client */;

LOCK TABLES `aftersale_cases` WRITE;
/*!40000 ALTER TABLE `aftersale_cases` DISABLE KEYS */;
INSERT INTO `aftersale_cases` VALUES (1,1294,909,'REFUND','临时有事','AUTO_REFUND_TO_WALLET',1,0,'','COMPLETED','系统自动处理','2026-05-28 16:50:51','2026-05-28 16:50:51','USER_APPLY','USER_TEMP_CHANGE','','未送达自动退款','AUTO_REFUND_TO_WALLET',1,1,'2026-05-28 16:50:51','2026-05-28 16:50:51','系统自动处理','NORMAL','',0,1,0,0),(2,1293,909,'REFUND','临时有事','AUTO_REFUND_TO_WALLET',1,0,'','COMPLETED','系统自动处理','2026-05-28 16:51:16','2026-05-28 16:51:16','USER_APPLY','USER_TEMP_CHANGE','','未送达自动退款','AUTO_REFUND_TO_WALLET',1,1,'2026-05-28 16:51:16','2026-05-28 16:51:16','系统自动处理','NORMAL','',0,1,0,0),(3,1237,730,'COMPENSATION','后台发起售后跟进','REGISTER_ONLY',0,0,'','PENDING','后台客服','2026-05-28 17:31:53','2026-05-28 17:31:53','ADMIN_DIRECT','ADMIN_DIRECT','','请前往统一售后中心继续处理',NULL,0,0,'2026-05-28 17:31:53',NULL,NULL,'NORMAL','',0,0,0,0),(4,1292,909,'REFUND','临时有事','REJECT',0,0,'','REJECTED','后台客服','2026-05-29 03:55:57','2026-05-29 03:56:53','USER_APPLY','USER_TEMP_CHANGE','','1','REJECT',0,0,'2026-05-29 03:55:57','2026-05-29 03:56:53','后台客服','NORMAL','',0,0,0,0),(5,1296,909,'REFUND','临时有事','REGISTER_ONLY',0,0,'','PENDING','小程序用户','2026-05-29 04:19:42','2026-05-29 04:19:42','USER_APPLY','USER_TEMP_CHANGE','','',NULL,0,1,'2026-05-29 04:19:42',NULL,NULL,'NORMAL','',0,0,0,0);
/*!40000 ALTER TABLE `aftersale_cases` ENABLE KEYS */;
UNLOCK TABLES;
DROP TABLE IF EXISTS `cost_entries`;
/*!40101 SET @saved_cs_client     = @@character_set_client */;
/*!50503 SET character_set_client = utf8mb4 */;
CREATE TABLE `cost_entries` (
  `id` bigint NOT NULL AUTO_INCREMENT,
  `cost_date` date NOT NULL,
  `cost_category` varchar(32) COLLATE utf8mb4_unicode_ci NOT NULL,
  `amount` decimal(10,2) NOT NULL,
  `remark` varchar(255) COLLATE utf8mb4_unicode_ci DEFAULT NULL,
  `recorded_by` varchar(64) COLLATE utf8mb4_unicode_ci NOT NULL,
  `created_at` timestamp NOT NULL DEFAULT CURRENT_TIMESTAMP,
  PRIMARY KEY (`id`)
) ENGINE=InnoDB DEFAULT CHARSET=utf8mb4 COLLATE=utf8mb4_unicode_ci;
/*!40101 SET character_set_client = @saved_cs_client */;

LOCK TABLES `cost_entries` WRITE;
/*!40000 ALTER TABLE `cost_entries` DISABLE KEYS */;
/*!40000 ALTER TABLE `cost_entries` ENABLE KEYS */;
UNLOCK TABLES;
DROP TABLE IF EXISTS `customer_addresses`;
/*!40101 SET @saved_cs_client     = @@character_set_client */;
/*!50503 SET character_set_client = utf8mb4 */;
CREATE TABLE `customer_addresses` (
  `id` bigint NOT NULL AUTO_INCREMENT,
  `customer_id` bigint NOT NULL,
  `contact_name` varchar(64) COLLATE utf8mb4_unicode_ci NOT NULL,
  `contact_phone` varchar(32) COLLATE utf8mb4_unicode_ci NOT NULL,
  `address_line` varchar(255) COLLATE utf8mb4_unicode_ci NOT NULL,
  `area_code` varchar(64) COLLATE utf8mb4_unicode_ci NOT NULL,
  `is_default` tinyint(1) NOT NULL DEFAULT '0',
  PRIMARY KEY (`id`)
) ENGINE=InnoDB AUTO_INCREMENT=905 DEFAULT CHARSET=utf8mb4 COLLATE=utf8mb4_unicode_ci;
/*!40101 SET character_set_client = @saved_cs_client */;

LOCK TABLES `customer_addresses` WRITE;
/*!40000 ALTER TABLE `customer_addresses` DISABLE KEYS */;
INSERT INTO `customer_addresses` VALUES (4,664,'Tulip','17764217595','Tulip-17764217595-湖北省武汉市洪山区维也纳酒店(华中师范大学虎泉地铁站店)7楼7005','老城区',0),(5,699,'龙坤宇','15527920293','龙坤宇-15527920293-湖北省武汉市江夏区光谷中南财经政法大学(南湖校区)东区临湖公寓七栋','老城区',0),(6,694,'王湘','18627076265','王湘-18627076265-湖北省武汉市洪山区保利·华都3期20栋701室','老城区',0),(7,546,'高先生','13163242799','高-13163242799-湖北省武汉市洪山区信合家苑3-1-2601','老城区',0),(8,653,'高乾豪','16639228052','高乾豪-16639228052-湖北省武汉市洪山区武汉理工大学南湖校区智园13舍','老城区',0),(9,626,'袁爽','15871464378','小爽-15871464378-湖北省武汉市洪山区状元教育(光谷校区)9楼前台','老城区',0),(10,553,'Suki','18189522767','Suki-18189522767-湖北省武汉市洪山区佳诺阅读(南湖校区)放进门右手桌上','老城区',0),(11,549,'岳女士','13597468355','岳-13597468355-湖北省武汉市江夏区宜科中心4号楼3层','老城区',0),(12,619,'曾婕妤','13164604605','曾婕妤-13164604605-湖北省武汉市洪山区中建东湖之星关山街道中建东湖之星9栋物业办公室','老城区',0),(13,470,'林大牛二','13026322185','林大牛二-13026322185-湖北省武汉市洪山区武汉理工(南湖校区)东区卓五','老城区',0),(14,415,'菜菜','13164682368','菜菜-13164682368-湖北省武汉市洪山区金鑫国际四栋一单元34楼3401','老城区',0),(15,607,'程心','15179033120','程心-15179033120-湖北省武汉市洪山区武昌首义学院(武昌校区)外卖柜','老城区',0),(16,616,'叶子','13886143684','叶子-13886143684-湖北省武汉市洪山区鲁巷碧水花园2栋502室','老城区',0),(17,747,'张颜','13476091185','张颜-13476091185-湖北省武汉市洪山区康卓新城5栋2单元2603','老城区',0),(18,724,'杨思远','15337276022','杨思远-15337276022-湖北省武汉市江夏区武汉华夏理工学院北门(光谷校区)北门','老城区',0),(19,690,'魏君翰','15572505732','魏-15572505732-湖北省武汉市江夏区现代·光谷世贸中心-B栋b栋栏杆','老城区',0),(20,564,'林云','13899505970','林云-13899505970-湖北省武汉市洪山区和谐宾馆长租公寓洪山区珞狮南路和谐宾馆长租公寓211','老城区',0),(21,697,'唐心','13213008453','唐-13213008453-湖北省武汉市武昌区中科院武汉分院(西区)16号楼210，保安室的旁边有个入口，放在一楼桌子上就好了','老城区',0),(22,494,'陈诚','13277381689','陈诚-13277381689-湖北省武汉市洪山区保利·中央公馆东区G16栋二单元3304','老城区',0),(23,700,'余林潮','18098934654','余林潮-18098934654-湖北省武汉市洪山区武汉理工大学(马房山校区)东院图书馆门口两侧放伞的架子上','老城区',0),(24,639,'杨小维','13100720118','杨小维-13100720118-湖北省武汉市洪山区光谷软件园F2栋1701','老城区',0),(25,650,'刘思函','18152083858','刘思函-18152083858-湖北省武汉市洪山区湖北工业大学东门外卖柜','老城区',0),(26,609,'宁泞','15872333692','宁泞-15872333692-湖北省武汉市江夏区中南财经政法大学(南湖校区)-北门外卖架','老城区',0),(27,755,'何倩茹','13296699513','倩-13296699513-湖北省武汉市洪山区W·Queen美甲美睫(南湖康泰花园新竹苑店)零食頑家旁边白色门头美甲店','老城区',0),(28,597,'杨哲轩','17671619261','杨哲轩-17671619261-湖北省武汉市洪山区弘博公寓B栋241','老城区',0),(29,605,'奈奈','18327034024','奈-18327034024-湖北省武汉市武昌区夏朵公馆·B座907放门口','老城区',0),(30,728,'蕾蕾','13733012778','蕾蕾-13733012778-湖北省武汉市洪山区名士1号4栋21楼好拾光酒店82113','老城区',0),(31,563,'张文婷','13829214802','张-13829214802-湖北省武汉市洪山区绅宝智慧驾校(杨家湾校区)湖鲜生斜对面','老城区',0),(32,508,'夏玉冰','18671653551','夏女士-18671653551-湖北省武汉市洪山区武汉理工大学(马房山校区)青年教师公寓马房山校区东院青教704','老城区',0),(33,562,'唐唐','19871992042','唐唐-19871992042-湖北省武汉市武昌区百瑞景中央花园百瑞景，淇会所三楼','老城区',0),(34,717,'高安旭','13407232025','高安旭-13407232025-湖北省武汉市洪山区武汉邮电科学研究院4号学生公寓武汉邮电科学研究院4号学生公寓3栋','老城区',0),(35,657,'陈雪颖','17707257858','陈雪颖-17707257858-湖北省武汉市洪山区武汉民政职业学院放门口桌子上','老城区',0),(36,645,'小鱼','15629060052','小鱼-15629060052-湖北省武汉市洪山区文华学院10栋10栋','老城区',0),(37,514,'刘馨圆','17740594192','刘馨圆-17740594192-湖北省武汉市洪山区湖北开放大学湖北开放大学湖北科技职业学院鲁巷校区光谷转盘方向外卖柜','老城区',0),(38,722,'李雨童','15753451168','李雨童-15753451168-湖北省武汉市洪山区荟园13栋577','老城区',0),(39,753,'葡萄柚','15623569776','葡萄柚-15623569776-湖北省武汉市洪山区鹏程国际A座2908','老城区',0),(40,591,'星星','15679161934','星星-15679161934-湖北省武汉市洪山区关山武汉戴森凯恩酒店(光谷步行街店)光谷新尚都2栋（戴森凯恩酒店电梯上）1615室','老城区',0),(41,686,'马璇','17871633638','马璇-17871633638-湖北省武汉市洪山区天真蓝照相馆(街道口店)银泰创意城5楼3号电梯阿迪和耐克旁边','老城区',0),(42,529,'张紫薇','19972480747','张紫薇-19972480747-湖北省武汉市洪山区云浩科技大厦9楼901','老城区',0),(43,702,'绝望的麻薯','15729117662','王馨迎-15729117662-湖北省武汉市洪山区东2门卓刀泉街道湖北商贸学院','老城区',0),(44,730,'胡蝶','15827345613','胡蝶-15827345613-湖北省武汉市洪山区琨瑜府三期16栋2单元1703','老城区',0),(45,660,'杨婉婷','17362926480','杨婉婷-17362926480-湖北省武汉市武昌区武汉大学-洪波门洪波门外卖柜','老城区',0),(46,631,'王慧杰','13525752819','王慧杰-13525752819-湖北省武汉市洪山区鲲龙大厦西塔负一楼外卖柜','老城区',0),(47,640,'陈科宇','18372547707','陈科宇-18372547707-湖北省武汉市洪山区光谷软件园F2栋1701','老城区',0),(48,739,'陈聪','13979402794','陈聪-13979402794-湖北省武汉市洪山区狮城翰园6栋1单元2104（门禁23025678）','老城区',0),(49,696,'何蝶','15671671823','何蝶-15671671823-湖北省武汉市洪山区泛悦城1期关山街道泛悦城1栋4301','老城区',0),(50,586,'夏蝶','15607120700','夏蝶-15607120700-湖北省武汉市洪山区鑫民寄售行(光谷店)关东街道关山街道常青藤路蓝巢逸品二层鑫民寄售行(光谷店)','老城区',0),(51,666,'易芷渲','13349746306','易芷渲-13349746306-湖北省武汉市洪山区湖北商贸学院东二门','老城区',0),(52,632,'Eason','17754441319','Eason-17754441319-湖北省武汉市洪山区武汉小安科技股份有限公司1楼E栋1146','老城区',0),(903,909,'吴天豪','19925688835','洪山区狮城·翰园(武汉市洪山区珞狮路449号) 4栋1603','湖北省武汉市',1),(904,912,'吴慧','15356987071','新安万福','',1);
/*!40000 ALTER TABLE `customer_addresses` ENABLE KEYS */;
UNLOCK TABLES;
DROP TABLE IF EXISTS `customer_delivery_subscriptions`;
/*!40101 SET @saved_cs_client     = @@character_set_client */;
/*!50503 SET character_set_client = utf8mb4 */;
CREATE TABLE `customer_delivery_subscriptions` (
  `id` bigint NOT NULL AUTO_INCREMENT,
  `customer_id` bigint NOT NULL,
  `meal_slot_order_id` bigint NOT NULL,
  `template_id` varchar(128) COLLATE utf8mb4_unicode_ci NOT NULL,
  `status` varchar(32) COLLATE utf8mb4_unicode_ci NOT NULL,
  `source` varchar(64) COLLATE utf8mb4_unicode_ci NOT NULL,
  `authorized_at` datetime NOT NULL,
  `sent_at` datetime DEFAULT NULL,
  `last_error_message` varchar(512) COLLATE utf8mb4_unicode_ci DEFAULT NULL,
  `created_at` datetime NOT NULL DEFAULT CURRENT_TIMESTAMP,
  `updated_at` datetime NOT NULL DEFAULT CURRENT_TIMESTAMP ON UPDATE CURRENT_TIMESTAMP,
  PRIMARY KEY (`id`),
  UNIQUE KEY `uk_customer_delivery_subscriptions_order` (`meal_slot_order_id`),
  KEY `idx_customer_delivery_subscriptions_customer_status` (`customer_id`,`status`)
) ENGINE=InnoDB DEFAULT CHARSET=utf8mb4 COLLATE=utf8mb4_unicode_ci;
/*!40101 SET character_set_client = @saved_cs_client */;

LOCK TABLES `customer_delivery_subscriptions` WRITE;
/*!40000 ALTER TABLE `customer_delivery_subscriptions` DISABLE KEYS */;
/*!40000 ALTER TABLE `customer_delivery_subscriptions` ENABLE KEYS */;
UNLOCK TABLES;
DROP TABLE IF EXISTS `customer_notes`;
/*!40101 SET @saved_cs_client     = @@character_set_client */;
/*!50503 SET character_set_client = utf8mb4 */;
CREATE TABLE `customer_notes` (
  `id` bigint NOT NULL AUTO_INCREMENT,
  `customer_id` bigint NOT NULL,
  `note_type` varchar(16) COLLATE utf8mb4_unicode_ci NOT NULL,
  `scope_type` varchar(16) COLLATE utf8mb4_unicode_ci NOT NULL,
  `content` varchar(255) COLLATE utf8mb4_unicode_ci NOT NULL,
  `start_at` timestamp NULL DEFAULT NULL,
  `end_at` timestamp NULL DEFAULT NULL,
  `is_active` tinyint(1) NOT NULL DEFAULT '1',
  `display_order` int NOT NULL DEFAULT '0',
  `created_by` varchar(64) COLLATE utf8mb4_unicode_ci DEFAULT NULL,
  `updated_by` varchar(64) COLLATE utf8mb4_unicode_ci DEFAULT NULL,
  `created_at` timestamp NOT NULL DEFAULT CURRENT_TIMESTAMP,
  `updated_at` timestamp NOT NULL DEFAULT CURRENT_TIMESTAMP ON UPDATE CURRENT_TIMESTAMP,
  PRIMARY KEY (`id`),
  KEY `idx_customer_notes_customer` (`customer_id`),
  KEY `idx_customer_notes_lookup` (`customer_id`,`note_type`,`scope_type`,`is_active`),
  CONSTRAINT `chk_customer_notes_scope_time` CHECK ((((`scope_type` = _utf8mb4'LONG_TERM') and (`start_at` is null) and (`end_at` is null)) or ((`scope_type` = _utf8mb4'TIME_BOXED') and (`start_at` is not null) and (`end_at` is not null))))
) ENGINE=InnoDB DEFAULT CHARSET=utf8mb4 COLLATE=utf8mb4_unicode_ci;
/*!40101 SET character_set_client = @saved_cs_client */;

LOCK TABLES `customer_notes` WRITE;
/*!40000 ALTER TABLE `customer_notes` DISABLE KEYS */;
/*!40000 ALTER TABLE `customer_notes` ENABLE KEYS */;
UNLOCK TABLES;
DROP TABLE IF EXISTS `customers`;
/*!40101 SET @saved_cs_client     = @@character_set_client */;
/*!50503 SET character_set_client = utf8mb4 */;
CREATE TABLE `customers` (
  `id` bigint NOT NULL AUTO_INCREMENT,
  `name` varchar(64) COLLATE utf8mb4_unicode_ci NOT NULL,
  `phone` varchar(32) COLLATE utf8mb4_unicode_ci NOT NULL,
  `source` varchar(32) COLLATE utf8mb4_unicode_ci NOT NULL,
  `active` tinyint(1) NOT NULL DEFAULT '1',
  `created_at` timestamp NOT NULL DEFAULT CURRENT_TIMESTAMP,
  `updated_at` timestamp NOT NULL DEFAULT CURRENT_TIMESTAMP,
  `openid` varchar(64) COLLATE utf8mb4_unicode_ci DEFAULT NULL,
  `session_key` varchar(128) COLLATE utf8mb4_unicode_ci DEFAULT NULL,
  `profile_completed` tinyint(1) DEFAULT '0',
  `customer_status` varchar(32) COLLATE utf8mb4_unicode_ci NOT NULL DEFAULT 'INTENTION',
  `registered_at` timestamp NULL DEFAULT NULL,
  `first_paid_at` timestamp NULL DEFAULT NULL,
  `last_order_at` timestamp NULL DEFAULT NULL,
  `last_login_at` timestamp NULL DEFAULT NULL,
  `source_channel` varchar(32) COLLATE utf8mb4_unicode_ci DEFAULT NULL,
  `merchant_remark` varchar(255) COLLATE utf8mb4_unicode_ci DEFAULT NULL,
  `current_openid` varchar(64) COLLATE utf8mb4_unicode_ci DEFAULT NULL,
  `openid_updated_at` timestamp NULL DEFAULT NULL,
  `is_priority_customer` tinyint(1) NOT NULL DEFAULT '0',
  `priority_tag` varchar(64) COLLATE utf8mb4_unicode_ci DEFAULT NULL,
  `priority_note` varchar(255) COLLATE utf8mb4_unicode_ci DEFAULT NULL,
  PRIMARY KEY (`id`),
  UNIQUE KEY `phone` (`phone`),
  UNIQUE KEY `uk_customers_name_active` (`name`,`active`),
  UNIQUE KEY `uk_customers_openid` (`openid`)
) ENGINE=InnoDB AUTO_INCREMENT=913 DEFAULT CHARSET=utf8mb4 COLLATE=utf8mb4_unicode_ci;
/*!40101 SET character_set_client = @saved_cs_client */;

LOCK TABLES `customers` WRITE;
/*!40000 ALTER TABLE `customers` DISABLE KEYS */;
INSERT INTO `customers` VALUES (382,'竹子','13237187884','BACKEND',1,'2026-05-16 03:45:59','2026-06-12 01:42:49',NULL,NULL,0,'FORMAL',NULL,NULL,NULL,NULL,'EXCEL_IMPORT','1',NULL,NULL,0,NULL,NULL),(383,'肖玥','13177366419','BACKEND',1,'2026-05-16 03:45:59','2026-05-16 03:45:59',NULL,NULL,0,'FORMAL',NULL,NULL,NULL,NULL,'EXCEL_IMPORT',NULL,NULL,NULL,0,NULL,NULL),(384,'张旻玥','18872038146','BACKEND',1,'2026-05-16 03:45:59','2026-05-16 03:45:59',NULL,NULL,0,'FORMAL',NULL,NULL,NULL,NULL,'EXCEL_IMPORT',NULL,NULL,NULL,0,NULL,NULL),(385,'申文勇','15002763347','BACKEND',1,'2026-05-16 03:45:59','2026-05-16 03:45:59',NULL,NULL,0,'FORMAL',NULL,NULL,NULL,NULL,'EXCEL_IMPORT',NULL,NULL,NULL,0,NULL,NULL),(386,'王先生','18610680578','BACKEND',1,'2026-05-16 03:45:59','2026-05-16 03:45:59',NULL,NULL,0,'FORMAL',NULL,NULL,NULL,NULL,'EXCEL_IMPORT',NULL,NULL,NULL,0,NULL,NULL),(387,'黄梦瑶','14707259397','BACKEND',1,'2026-05-16 03:45:59','2026-05-16 03:45:59',NULL,NULL,0,'FORMAL',NULL,NULL,NULL,NULL,'EXCEL_IMPORT',NULL,NULL,NULL,0,NULL,NULL),(388,'尤杰','15851914311','BACKEND',1,'2026-05-16 03:45:59','2026-05-16 03:45:59',NULL,NULL,0,'FORMAL',NULL,NULL,NULL,NULL,'EXCEL_IMPORT',NULL,NULL,NULL,0,NULL,NULL),(389,'陈功铭','13135870789','BACKEND',1,'2026-05-16 03:45:59','2026-05-16 03:45:59',NULL,NULL,0,'FORMAL',NULL,NULL,NULL,NULL,'EXCEL_IMPORT',NULL,NULL,NULL,0,NULL,NULL),(390,'王双双','13575614279','BACKEND',1,'2026-05-16 03:45:59','2026-05-16 03:45:59',NULL,NULL,0,'FORMAL',NULL,NULL,NULL,NULL,'EXCEL_IMPORT',NULL,NULL,NULL,0,NULL,NULL),(391,'刘伊菲','17782595085','BACKEND',1,'2026-05-16 03:45:59','2026-05-16 03:45:59',NULL,NULL,0,'FORMAL',NULL,NULL,NULL,NULL,'EXCEL_IMPORT',NULL,NULL,NULL,0,NULL,NULL),(392,'向天','18571454336','BACKEND',1,'2026-05-16 03:45:59','2026-05-16 03:45:59',NULL,NULL,0,'FORMAL',NULL,NULL,NULL,NULL,'EXCEL_IMPORT',NULL,NULL,NULL,0,NULL,NULL),(393,'阿拉然','17671006702','BACKEND',1,'2026-05-16 03:45:59','2026-05-16 03:45:59',NULL,NULL,0,'FORMAL',NULL,NULL,NULL,NULL,'EXCEL_IMPORT',NULL,NULL,NULL,0,NULL,NULL),(394,'周紫丹','15207110961','BACKEND',1,'2026-05-16 03:45:59','2026-05-16 03:45:59',NULL,NULL,0,'FORMAL',NULL,NULL,NULL,NULL,'EXCEL_IMPORT',NULL,NULL,NULL,0,NULL,NULL),(395,'郭驭睿','18371908552','BACKEND',1,'2026-05-16 03:45:59','2026-05-16 03:45:59',NULL,NULL,0,'FORMAL',NULL,NULL,NULL,NULL,'EXCEL_IMPORT',NULL,NULL,NULL,0,NULL,NULL),(396,'崔庆垚','18274758512','BACKEND',1,'2026-05-16 03:45:59','2026-05-16 03:45:59',NULL,NULL,0,'FORMAL',NULL,NULL,NULL,NULL,'EXCEL_IMPORT',NULL,NULL,NULL,0,NULL,NULL),(397,'唐馨羽','13277871507','BACKEND',1,'2026-05-16 03:45:59','2026-05-16 03:45:59',NULL,NULL,0,'FORMAL',NULL,NULL,NULL,NULL,'EXCEL_IMPORT',NULL,NULL,NULL,0,NULL,NULL),(398,'张竞元','19133956737','BACKEND',1,'2026-05-16 03:45:59','2026-05-16 03:45:59',NULL,NULL,0,'FORMAL',NULL,NULL,NULL,NULL,'EXCEL_IMPORT',NULL,NULL,NULL,0,NULL,NULL),(399,'徐一苇','18751576802','BACKEND',1,'2026-05-16 03:45:59','2026-05-16 03:45:59',NULL,NULL,0,'FORMAL',NULL,NULL,NULL,NULL,'EXCEL_IMPORT',NULL,NULL,NULL,0,NULL,NULL),(400,'张子慕','18249047595','BACKEND',1,'2026-05-16 03:45:59','2026-05-16 03:45:59',NULL,NULL,0,'FORMAL',NULL,NULL,NULL,NULL,'EXCEL_IMPORT',NULL,NULL,NULL,0,NULL,NULL),(401,'周子怡','15334037581','BACKEND',1,'2026-05-16 03:45:59','2026-05-16 03:45:59',NULL,NULL,0,'FORMAL',NULL,NULL,NULL,NULL,'EXCEL_IMPORT',NULL,NULL,NULL,0,NULL,NULL),(402,'付晨宇','13657152879','BACKEND',1,'2026-05-16 03:45:59','2026-05-16 03:45:59',NULL,NULL,0,'FORMAL',NULL,NULL,NULL,NULL,'EXCEL_IMPORT',NULL,NULL,NULL,0,NULL,NULL),(403,'张嘉怡','13307170133','BACKEND',1,'2026-05-16 03:45:59','2026-05-16 03:45:59',NULL,NULL,0,'FORMAL',NULL,NULL,NULL,NULL,'EXCEL_IMPORT',NULL,NULL,NULL,0,NULL,NULL),(404,'吴玉诗','15827861701','BACKEND',1,'2026-05-16 03:45:59','2026-05-16 03:45:59',NULL,NULL,0,'FORMAL',NULL,NULL,NULL,NULL,'EXCEL_IMPORT',NULL,NULL,NULL,0,NULL,NULL),(405,'张宇婷','15507153709','BACKEND',1,'2026-05-16 03:45:59','2026-05-16 03:45:59',NULL,NULL,0,'FORMAL',NULL,NULL,NULL,NULL,'EXCEL_IMPORT',NULL,NULL,NULL,0,NULL,NULL),(406,'何星宇','15007146163','BACKEND',1,'2026-05-16 03:45:59','2026-05-16 03:45:59',NULL,NULL,0,'FORMAL','2025-02-12 16:00:00','2025-02-12 16:00:00',NULL,NULL,'EXCEL_IMPORT',NULL,NULL,NULL,0,NULL,NULL),(407,'杨阳','13277250188','BACKEND',1,'2026-05-16 03:45:59','2026-05-16 03:45:59',NULL,NULL,0,'FORMAL','2025-02-17 16:00:00','2025-02-17 16:00:00',NULL,NULL,'EXCEL_IMPORT',NULL,NULL,NULL,0,NULL,NULL),(408,'李灵宣','13260681004','BACKEND',1,'2026-05-16 03:45:59','2026-05-16 03:45:59',NULL,NULL,0,'FORMAL','2025-02-17 16:00:00','2025-02-17 16:00:00',NULL,NULL,'EXCEL_IMPORT',NULL,NULL,NULL,0,NULL,NULL),(409,'凡峥','15078858467','BACKEND',1,'2026-05-16 03:45:59','2026-05-16 03:45:59',NULL,NULL,0,'FORMAL','2025-05-15 16:00:00','2025-05-15 16:00:00',NULL,NULL,'EXCEL_IMPORT',NULL,NULL,NULL,0,NULL,NULL),(410,'赵蒙','18827091580','BACKEND',1,'2026-05-16 03:45:59','2026-05-16 03:45:59',NULL,NULL,0,'FORMAL','2025-06-30 16:00:00','2025-06-30 16:00:00',NULL,NULL,'EXCEL_IMPORT',NULL,NULL,NULL,0,NULL,NULL),(411,'熊宇凡','18071026586','BACKEND',1,'2026-05-16 03:45:59','2026-05-16 03:45:59',NULL,NULL,0,'FORMAL','2025-07-24 16:00:00','2025-07-24 16:00:00',NULL,NULL,'EXCEL_IMPORT',NULL,NULL,NULL,0,NULL,NULL),(412,'李佳楠','16696354032','BACKEND',1,'2026-05-16 03:45:59','2026-05-16 03:45:59',NULL,NULL,0,'FORMAL','2025-09-04 16:00:00','2025-09-04 16:00:00',NULL,NULL,'EXCEL_IMPORT',NULL,NULL,NULL,0,NULL,NULL),(413,'饶云飞','15571141204','BACKEND',1,'2026-05-16 03:45:59','2026-05-16 03:45:59',NULL,NULL,0,'FORMAL','2025-09-10 16:00:00','2025-09-10 16:00:00',NULL,NULL,'EXCEL_IMPORT',NULL,NULL,NULL,0,NULL,NULL),(414,'邱许越','19986680219','BACKEND',1,'2026-05-16 03:45:59','2026-05-16 03:45:59',NULL,NULL,0,'FORMAL','2025-09-13 16:00:00','2025-09-13 16:00:00',NULL,NULL,'EXCEL_IMPORT',NULL,NULL,NULL,0,NULL,NULL),(415,'菜菜','13164682368','BACKEND',1,'2026-05-16 03:45:59','2026-05-16 03:45:59',NULL,NULL,0,'FORMAL','2025-09-19 16:00:00','2025-09-19 16:00:00',NULL,NULL,'EXCEL_IMPORT',NULL,NULL,NULL,0,NULL,NULL),(416,'武体张琪琪','18889887653','BACKEND',1,'2026-05-16 03:45:59','2026-05-16 03:45:59',NULL,NULL,0,'FORMAL','2026-03-04 16:00:00','2026-03-04 16:00:00',NULL,NULL,'EXCEL_IMPORT',NULL,NULL,NULL,0,NULL,NULL),(417,'丁先生','18871182880','BACKEND',1,'2026-05-16 03:45:59','2026-05-16 03:45:59',NULL,NULL,0,'FORMAL','2025-10-15 16:00:00','2025-10-15 16:00:00',NULL,NULL,'EXCEL_IMPORT',NULL,NULL,NULL,0,NULL,NULL),(418,'汪浩鹏','15771070650','BACKEND',1,'2026-05-16 03:45:59','2026-05-16 03:45:59',NULL,NULL,0,'FORMAL','2025-10-16 16:00:00','2025-10-16 16:00:00',NULL,NULL,'EXCEL_IMPORT',NULL,NULL,NULL,0,NULL,NULL),(419,'夏博文','15764314669','BACKEND',1,'2026-05-16 03:45:59','2026-05-16 03:45:59',NULL,NULL,0,'FORMAL','2025-10-20 16:00:00','2025-10-20 16:00:00',NULL,NULL,'EXCEL_IMPORT',NULL,NULL,NULL,0,NULL,NULL),(420,'徐伊茜','18858772532','BACKEND',1,'2026-05-16 03:45:59','2026-05-16 03:45:59',NULL,NULL,0,'FORMAL','2025-10-20 16:00:00','2025-10-20 16:00:00',NULL,NULL,'EXCEL_IMPORT',NULL,NULL,NULL,0,NULL,NULL),(421,'唐霜莹','13257287214','BACKEND',1,'2026-05-16 03:45:59','2026-05-16 03:45:59',NULL,NULL,0,'FORMAL','2025-10-21 16:00:00','2025-10-21 16:00:00',NULL,NULL,'EXCEL_IMPORT',NULL,NULL,NULL,0,NULL,NULL),(422,'momo','13018088617','BACKEND',1,'2026-05-16 03:45:59','2026-05-16 03:45:59',NULL,NULL,0,'FORMAL','2025-10-25 16:00:00','2025-10-25 16:00:00',NULL,NULL,'EXCEL_IMPORT',NULL,NULL,NULL,0,NULL,NULL),(423,'胡泮','13628624376','BACKEND',1,'2026-05-16 03:45:59','2026-05-16 03:45:59',NULL,NULL,0,'FORMAL','2025-10-28 16:00:00','2025-10-28 16:00:00',NULL,NULL,'EXCEL_IMPORT',NULL,NULL,NULL,0,NULL,NULL),(424,'君君','13887419099','BACKEND',1,'2026-05-16 03:45:59','2026-05-16 03:45:59',NULL,NULL,0,'FORMAL','2025-10-30 16:00:00','2025-10-30 16:00:00',NULL,NULL,'EXCEL_IMPORT',NULL,NULL,NULL,0,NULL,NULL),(425,'于冰倩','13999385702','BACKEND',1,'2026-05-16 03:45:59','2026-05-16 03:45:59',NULL,NULL,0,'FORMAL','2025-11-02 16:00:00','2025-11-02 16:00:00',NULL,NULL,'EXCEL_IMPORT',NULL,NULL,NULL,0,NULL,NULL),(426,'日辰','15737635581','BACKEND',1,'2026-05-16 03:45:59','2026-05-16 03:45:59',NULL,NULL,0,'FORMAL','2025-11-02 16:00:00','2025-11-02 16:00:00',NULL,NULL,'EXCEL_IMPORT',NULL,NULL,NULL,0,NULL,NULL),(427,'杨浪','18875420951','BACKEND',1,'2026-05-16 03:45:59','2026-05-16 03:45:59',NULL,NULL,0,'FORMAL','2025-11-02 16:00:00','2025-11-02 16:00:00',NULL,NULL,'EXCEL_IMPORT',NULL,NULL,NULL,0,NULL,NULL),(428,'吴迎迎','13117085708','BACKEND',1,'2026-05-16 03:45:59','2026-05-16 03:45:59',NULL,NULL,0,'FORMAL','2025-11-05 16:00:00','2025-11-05 16:00:00',NULL,NULL,'EXCEL_IMPORT',NULL,NULL,NULL,0,NULL,NULL),(429,'王许','19884803013','BACKEND',1,'2026-05-16 03:45:59','2026-05-16 03:45:59',NULL,NULL,0,'FORMAL','2025-11-08 16:00:00','2025-11-08 16:00:00',NULL,NULL,'EXCEL_IMPORT',NULL,NULL,NULL,0,NULL,NULL),(430,'叶果','13227530814','BACKEND',1,'2026-05-16 03:45:59','2026-05-16 03:45:59',NULL,NULL,0,'FORMAL','2025-11-09 16:00:00','2025-11-09 16:00:00',NULL,NULL,'EXCEL_IMPORT',NULL,NULL,NULL,0,NULL,NULL),(431,'苏月玲','13080670153','BACKEND',1,'2026-05-16 03:45:59','2026-05-16 03:45:59',NULL,NULL,0,'FORMAL','2025-11-09 16:00:00','2025-11-09 16:00:00',NULL,NULL,'EXCEL_IMPORT',NULL,NULL,NULL,0,NULL,NULL),(432,'吴浩煊','19398686616','BACKEND',1,'2026-05-16 03:45:59','2026-05-16 03:45:59',NULL,NULL,0,'FORMAL','2025-11-10 16:00:00','2025-11-10 16:00:00',NULL,NULL,'EXCEL_IMPORT',NULL,NULL,NULL,0,NULL,NULL),(433,'胡家睿','13098813655','BACKEND',1,'2026-05-16 03:45:59','2026-05-16 11:55:32',NULL,NULL,0,'FORMAL','2025-11-12 16:00:00','2025-11-12 16:00:00',NULL,NULL,'EXCEL_IMPORT',NULL,NULL,NULL,0,NULL,NULL),(434,'张萌','13669026127','BACKEND',1,'2026-05-16 03:45:59','2026-05-16 03:45:59',NULL,NULL,0,'FORMAL','2025-11-15 16:00:00','2025-11-15 16:00:00',NULL,NULL,'EXCEL_IMPORT',NULL,NULL,NULL,0,NULL,NULL),(435,'袁磊','18672382665','BACKEND',1,'2026-05-16 03:45:59','2026-05-16 03:45:59',NULL,NULL,0,'FORMAL','2025-11-20 16:00:00','2025-11-20 16:00:00',NULL,NULL,'EXCEL_IMPORT',NULL,NULL,NULL,0,NULL,NULL),(436,'杨思懿','13258336551','BACKEND',1,'2026-05-16 03:45:59','2026-05-16 03:45:59',NULL,NULL,0,'FORMAL','2025-11-22 16:00:00','2025-11-22 16:00:00',NULL,NULL,'EXCEL_IMPORT',NULL,NULL,NULL,0,NULL,NULL),(437,'丁玥','13390766535','BACKEND',1,'2026-05-16 03:45:59','2026-05-16 03:45:59',NULL,NULL,0,'FORMAL','2025-12-06 16:00:00','2025-12-06 16:00:00',NULL,NULL,'EXCEL_IMPORT',NULL,NULL,NULL,0,NULL,NULL),(438,'Yuki','18627271998','BACKEND',1,'2026-05-16 03:45:59','2026-05-16 03:45:59',NULL,NULL,0,'FORMAL','2025-12-01 16:00:00','2025-12-01 16:00:00',NULL,NULL,'EXCEL_IMPORT',NULL,NULL,NULL,0,NULL,NULL),(439,'李佳仪','13972177696','BACKEND',1,'2026-05-16 03:45:59','2026-05-16 03:45:59',NULL,NULL,0,'FORMAL','2026-04-16 16:00:00','2026-04-16 16:00:00',NULL,NULL,'EXCEL_IMPORT',NULL,NULL,NULL,0,NULL,NULL),(440,'心竹','18696169090','BACKEND',1,'2026-05-16 03:45:59','2026-05-16 03:45:59',NULL,NULL,0,'FORMAL','2025-12-20 16:00:00','2025-12-20 16:00:00',NULL,NULL,'EXCEL_IMPORT',NULL,NULL,NULL,0,NULL,NULL),(441,'李超月','18105133107','BACKEND',1,'2026-05-16 03:45:59','2026-05-16 03:45:59',NULL,NULL,0,'FORMAL','2026-01-02 16:00:00','2026-01-02 16:00:00',NULL,NULL,'EXCEL_IMPORT',NULL,NULL,NULL,0,NULL,NULL),(442,'邱凡','18627163213','BACKEND',1,'2026-05-16 03:45:59','2026-05-16 03:45:59',NULL,NULL,0,'FORMAL','2026-01-11 16:00:00','2026-01-11 16:00:00',NULL,NULL,'EXCEL_IMPORT',NULL,NULL,NULL,0,NULL,NULL),(443,'沁沁','13971659003','BACKEND',1,'2026-05-16 03:45:59','2026-05-16 03:45:59',NULL,NULL,0,'FORMAL','2026-01-12 16:00:00','2026-01-12 16:00:00',NULL,NULL,'EXCEL_IMPORT',NULL,NULL,NULL,0,NULL,NULL),(444,'冯艳丽','18771563231','BACKEND',1,'2026-05-16 03:45:59','2026-05-16 03:45:59',NULL,NULL,0,'FORMAL','2026-01-12 16:00:00','2026-01-12 16:00:00',NULL,NULL,'EXCEL_IMPORT',NULL,NULL,NULL,0,NULL,NULL),(445,'黑太阳','13789991434','BACKEND',1,'2026-05-16 03:45:59','2026-05-16 03:45:59',NULL,NULL,0,'FORMAL','2026-01-13 16:00:00','2026-01-13 16:00:00',NULL,NULL,'EXCEL_IMPORT',NULL,NULL,NULL,0,NULL,NULL),(446,'郑强','15172444671','BACKEND',1,'2026-05-16 03:45:59','2026-05-16 03:45:59',NULL,NULL,0,'FORMAL','2026-01-14 16:00:00','2026-01-14 16:00:00',NULL,NULL,'EXCEL_IMPORT',NULL,NULL,NULL,0,NULL,NULL),(447,'余先生','13147114955','BACKEND',1,'2026-05-16 03:45:59','2026-05-16 03:45:59',NULL,NULL,0,'FORMAL','2026-01-14 16:00:00','2026-01-14 16:00:00',NULL,NULL,'EXCEL_IMPORT',NULL,NULL,NULL,0,NULL,NULL),(448,'guria','18521038586','BACKEND',1,'2026-05-16 03:45:59','2026-05-16 03:45:59',NULL,NULL,0,'FORMAL','2026-01-18 16:00:00','2026-01-18 16:00:00',NULL,NULL,'EXCEL_IMPORT',NULL,NULL,NULL,0,NULL,NULL),(449,'小芽','15671568253','BACKEND',1,'2026-05-16 03:45:59','2026-05-16 03:45:59',NULL,NULL,0,'FORMAL','2026-01-21 16:00:00','2026-01-21 16:00:00',NULL,NULL,'EXCEL_IMPORT',NULL,NULL,NULL,0,NULL,NULL),(450,'刘歆妤','18371188068','BACKEND',1,'2026-05-16 03:45:59','2026-05-16 03:45:59',NULL,NULL,0,'FORMAL','2026-01-25 16:00:00','2026-01-25 16:00:00',NULL,NULL,'EXCEL_IMPORT',NULL,NULL,NULL,0,NULL,NULL),(451,'张紫诺','17396174810','BACKEND',1,'2026-05-16 03:45:59','2026-05-16 03:45:59',NULL,NULL,0,'FORMAL','2026-03-03 16:00:00','2026-03-03 16:00:00',NULL,NULL,'EXCEL_IMPORT',NULL,NULL,NULL,0,NULL,NULL),(452,'季子禾','19562109558','BACKEND',1,'2026-05-16 03:45:59','2026-05-16 03:45:59',NULL,NULL,0,'FORMAL','2026-03-31 16:00:00','2026-03-31 16:00:00',NULL,NULL,'EXCEL_IMPORT',NULL,NULL,NULL,0,NULL,NULL),(453,'杨曦若','18071259271','BACKEND',1,'2026-05-16 03:45:59','2026-05-16 03:45:59',NULL,NULL,0,'FORMAL','2026-03-03 16:00:00','2026-03-03 16:00:00',NULL,NULL,'EXCEL_IMPORT',NULL,NULL,NULL,0,NULL,NULL),(454,'吕芷萱','13407112269','BACKEND',1,'2026-05-16 03:45:59','2026-05-16 03:45:59',NULL,NULL,0,'FORMAL','2026-03-03 16:00:00','2026-03-03 16:00:00',NULL,NULL,'EXCEL_IMPORT',NULL,NULL,NULL,0,NULL,NULL),(455,'彭雪','18608610735','BACKEND',1,'2026-05-16 03:45:59','2026-05-16 03:45:59',NULL,NULL,0,'FORMAL','2026-03-03 16:00:00','2026-03-03 16:00:00',NULL,NULL,'EXCEL_IMPORT',NULL,NULL,NULL,0,NULL,NULL),(456,'姣姣','18272021502','BACKEND',1,'2026-05-16 03:45:59','2026-05-16 03:45:59',NULL,NULL,0,'FORMAL','2026-04-03 16:00:00','2026-04-03 16:00:00',NULL,NULL,'EXCEL_IMPORT',NULL,NULL,NULL,0,NULL,NULL),(457,'周怡欣敏','15327206376','BACKEND',1,'2026-05-16 03:45:59','2026-05-16 03:45:59',NULL,NULL,0,'FORMAL','2026-03-03 16:00:00','2026-03-03 16:00:00',NULL,NULL,'EXCEL_IMPORT',NULL,NULL,NULL,0,NULL,NULL),(458,'吕涵','18956318176','BACKEND',1,'2026-05-16 03:45:59','2026-05-16 03:45:59',NULL,NULL,0,'FORMAL','2026-03-03 16:00:00','2026-03-03 16:00:00',NULL,NULL,'EXCEL_IMPORT',NULL,NULL,NULL,0,NULL,NULL),(459,'辛辛','15165286662','BACKEND',1,'2026-05-16 03:45:59','2026-05-16 03:45:59',NULL,NULL,0,'FORMAL','2026-03-04 16:00:00','2026-03-04 16:00:00',NULL,NULL,'EXCEL_IMPORT',NULL,NULL,NULL,0,NULL,NULL),(460,'车干','19242718051','BACKEND',1,'2026-05-16 03:45:59','2026-05-16 03:45:59',NULL,NULL,0,'FORMAL','2026-03-04 16:00:00','2026-03-04 16:00:00',NULL,NULL,'EXCEL_IMPORT',NULL,NULL,NULL,0,NULL,NULL),(461,'赵紫辰','15071302587','BACKEND',1,'2026-05-16 03:45:59','2026-05-16 03:45:59',NULL,NULL,0,'FORMAL','2026-03-04 16:00:00','2026-03-04 16:00:00',NULL,NULL,'EXCEL_IMPORT',NULL,NULL,NULL,0,NULL,NULL),(462,'乔西','17871396869','BACKEND',1,'2026-05-16 03:45:59','2026-05-16 03:45:59',NULL,NULL,0,'FORMAL','2026-03-04 16:00:00','2026-03-04 16:00:00',NULL,NULL,'EXCEL_IMPORT',NULL,NULL,NULL,0,NULL,NULL),(463,'endes','1816601892','BACKEND',1,'2026-05-16 03:45:59','2026-05-16 03:45:59',NULL,NULL,0,'FORMAL','2026-03-03 16:00:00','2026-03-03 16:00:00',NULL,NULL,'EXCEL_IMPORT',NULL,NULL,NULL,0,NULL,NULL),(464,'张然','13308357949','BACKEND',1,'2026-05-16 03:45:59','2026-05-16 03:45:59',NULL,NULL,0,'FORMAL','2026-03-06 16:00:00','2026-03-06 16:00:00',NULL,NULL,'EXCEL_IMPORT',NULL,NULL,NULL,0,NULL,NULL),(465,'熊熊','13986076673','BACKEND',1,'2026-05-16 03:45:59','2026-05-16 03:45:59',NULL,NULL,0,'FORMAL','2026-03-06 16:00:00','2026-03-06 16:00:00',NULL,NULL,'EXCEL_IMPORT',NULL,NULL,NULL,0,NULL,NULL),(466,'殷姿姿','17364537267','BACKEND',1,'2026-05-16 03:45:59','2026-05-16 03:45:59',NULL,NULL,0,'FORMAL','2026-03-08 16:00:00','2026-03-08 16:00:00',NULL,NULL,'EXCEL_IMPORT',NULL,NULL,NULL,0,NULL,NULL),(467,'杏仁','15172739217','BACKEND',1,'2026-05-16 03:45:59','2026-05-16 03:45:59',NULL,NULL,0,'FORMAL','2026-03-08 16:00:00','2026-03-08 16:00:00',NULL,NULL,'EXCEL_IMPORT',NULL,NULL,NULL,0,NULL,NULL),(468,'好饿','18235591616','BACKEND',1,'2026-05-16 03:45:59','2026-05-16 03:45:59',NULL,NULL,0,'FORMAL','2026-03-10 16:00:00','2026-03-10 16:00:00',NULL,NULL,'EXCEL_IMPORT',NULL,NULL,NULL,0,NULL,NULL),(469,'吴婧','15971393557','BACKEND',1,'2026-05-16 03:45:59','2026-05-16 03:45:59',NULL,NULL,0,'FORMAL','2026-03-11 16:00:00','2026-03-11 16:00:00',NULL,NULL,'EXCEL_IMPORT',NULL,NULL,NULL,0,NULL,NULL),(470,'林大牛二','13026322185','BACKEND',1,'2026-05-16 03:45:59','2026-05-16 03:45:59',NULL,NULL,0,'FORMAL','2026-06-03 16:00:00','2026-06-03 16:00:00',NULL,NULL,'EXCEL_IMPORT',NULL,NULL,NULL,0,NULL,NULL),(471,'董洁心','18909505225','BACKEND',1,'2026-05-16 03:45:59','2026-05-16 03:45:59',NULL,NULL,0,'FORMAL','2025-03-12 16:00:00','2025-03-12 16:00:00',NULL,NULL,'EXCEL_IMPORT',NULL,NULL,NULL,0,NULL,NULL),(472,'乘乘','15327832941','BACKEND',1,'2026-05-16 03:45:59','2026-05-16 03:45:59',NULL,NULL,0,'FORMAL','2025-03-15 16:00:00','2025-03-15 16:00:00',NULL,NULL,'EXCEL_IMPORT',NULL,NULL,NULL,0,NULL,NULL),(473,'王紫颖','18238245985','BACKEND',1,'2026-05-16 03:45:59','2026-05-16 03:45:59',NULL,NULL,0,'FORMAL','2025-04-06 16:00:00','2025-04-06 16:00:00',NULL,NULL,'EXCEL_IMPORT',NULL,NULL,NULL,0,NULL,NULL),(474,'温曦','13871366894','BACKEND',1,'2026-05-16 03:45:59','2026-05-16 03:45:59',NULL,NULL,0,'FORMAL','2025-03-14 16:00:00','2025-03-14 16:00:00',NULL,NULL,'EXCEL_IMPORT',NULL,NULL,NULL,0,NULL,NULL),(475,'汤书民','15671703099','BACKEND',1,'2026-05-16 03:45:59','2026-05-16 03:45:59',NULL,NULL,0,'FORMAL','2026-03-16 16:00:00','2026-03-16 16:00:00',NULL,NULL,'EXCEL_IMPORT',NULL,NULL,NULL,0,NULL,NULL),(476,'王一诺','13238444721','BACKEND',1,'2026-05-16 03:45:59','2026-05-16 03:45:59',NULL,NULL,0,'FORMAL','2026-03-17 16:00:00','2026-03-17 16:00:00',NULL,NULL,'EXCEL_IMPORT',NULL,NULL,NULL,0,NULL,NULL),(477,'郑鹏凯','17612719729','BACKEND',1,'2026-05-16 03:45:59','2026-05-16 03:45:59',NULL,NULL,0,'FORMAL','2026-03-17 16:00:00','2026-03-17 16:00:00',NULL,NULL,'EXCEL_IMPORT',NULL,NULL,NULL,0,NULL,NULL),(478,'张瀚','19868871652','BACKEND',1,'2026-05-16 03:45:59','2026-05-16 03:45:59',NULL,NULL,0,'FORMAL','2026-03-19 16:00:00','2026-03-19 16:00:00',NULL,NULL,'EXCEL_IMPORT',NULL,NULL,NULL,0,NULL,NULL),(479,'梅粮薪','17671799722','BACKEND',1,'2026-05-16 03:45:59','2026-05-16 03:45:59',NULL,NULL,0,'FORMAL','2026-03-23 16:00:00','2026-03-23 16:00:00',NULL,NULL,'EXCEL_IMPORT',NULL,NULL,NULL,0,NULL,NULL),(480,'培训学校胡姐姐','18627055627','BACKEND',1,'2026-05-16 03:45:59','2026-05-16 03:45:59',NULL,NULL,0,'FORMAL','2026-03-23 16:00:00','2026-03-23 16:00:00',NULL,NULL,'EXCEL_IMPORT',NULL,NULL,NULL,0,NULL,NULL),(481,'清水','13667257692','BACKEND',1,'2026-05-16 03:45:59','2026-05-16 03:45:59',NULL,NULL,0,'FORMAL','2026-03-23 16:00:00','2026-03-23 16:00:00',NULL,NULL,'EXCEL_IMPORT',NULL,NULL,NULL,0,NULL,NULL),(482,'涵涵','13469993939','BACKEND',1,'2026-05-16 03:45:59','2026-05-16 03:45:59',NULL,NULL,0,'FORMAL','2026-03-25 16:00:00','2026-03-25 16:00:00',NULL,NULL,'EXCEL_IMPORT',NULL,NULL,NULL,0,NULL,NULL),(483,'赵小雨','18571032523','BACKEND',1,'2026-05-16 03:45:59','2026-05-16 03:45:59',NULL,NULL,0,'FORMAL','2026-03-26 16:00:00','2026-03-26 16:00:00',NULL,NULL,'EXCEL_IMPORT',NULL,NULL,NULL,0,NULL,NULL),(484,'丁林林','17671056671','BACKEND',1,'2026-05-16 03:45:59','2026-05-16 03:45:59',NULL,NULL,0,'FORMAL','2026-03-31 16:00:00','2026-03-31 16:00:00',NULL,NULL,'EXCEL_IMPORT',NULL,NULL,NULL,0,NULL,NULL),(485,'晨晨','15072027407','BACKEND',1,'2026-05-16 03:45:59','2026-05-16 03:45:59',NULL,NULL,0,'FORMAL','2026-03-20 16:00:00','2026-03-20 16:00:00',NULL,NULL,'EXCEL_IMPORT',NULL,NULL,NULL,0,NULL,NULL),(486,'离谱','15392836522','BACKEND',1,'2026-05-16 03:45:59','2026-05-16 03:45:59',NULL,NULL,0,'FORMAL','2026-04-06 16:00:00','2026-04-06 16:00:00',NULL,NULL,'EXCEL_IMPORT',NULL,NULL,NULL,0,NULL,NULL),(487,'丁碧莲','15207135974','BACKEND',1,'2026-05-16 03:45:59','2026-05-16 03:45:59',NULL,NULL,0,'FORMAL','2026-04-09 16:00:00','2026-04-09 16:00:00',NULL,NULL,'EXCEL_IMPORT',NULL,NULL,NULL,0,NULL,NULL),(488,'李亚轩','13027131706','BACKEND',1,'2026-05-16 03:45:59','2026-05-16 03:45:59',NULL,NULL,0,'FORMAL','2026-04-06 16:00:00','2026-04-06 16:00:00',NULL,NULL,'EXCEL_IMPORT',NULL,NULL,NULL,0,NULL,NULL),(489,'吕晨','13071236781','BACKEND',1,'2026-05-16 03:45:59','2026-05-16 03:45:59',NULL,NULL,0,'FORMAL','2026-04-06 16:00:00','2026-04-06 16:00:00',NULL,NULL,'EXCEL_IMPORT',NULL,NULL,NULL,0,NULL,NULL),(490,'徐新如','18752385401','BACKEND',1,'2026-05-16 03:45:59','2026-05-16 03:45:59',NULL,NULL,0,'FORMAL','2026-04-06 16:00:00','2026-04-06 16:00:00',NULL,NULL,'EXCEL_IMPORT',NULL,NULL,NULL,0,NULL,NULL),(491,'王哈哈','15271267920','BACKEND',1,'2026-05-16 03:45:59','2026-05-16 03:45:59',NULL,NULL,0,'FORMAL','2026-04-06 16:00:00','2026-04-06 16:00:00',NULL,NULL,'EXCEL_IMPORT',NULL,NULL,NULL,0,NULL,NULL),(492,'悠悠','13949318933','BACKEND',1,'2026-05-16 03:45:59','2026-05-16 03:45:59',NULL,NULL,0,'FORMAL','2026-04-06 16:00:00','2026-04-06 16:00:00',NULL,NULL,'EXCEL_IMPORT',NULL,NULL,NULL,0,NULL,NULL),(493,'张淼','18522072661','BACKEND',1,'2026-05-16 03:45:59','2026-05-16 03:45:59',NULL,NULL,0,'FORMAL','2026-04-11 16:00:00','2026-04-11 16:00:00',NULL,NULL,'EXCEL_IMPORT',NULL,NULL,NULL,0,NULL,NULL),(494,'陈诚','13277381689','BACKEND',1,'2026-05-16 03:45:59','2026-05-16 03:45:59',NULL,NULL,0,'FORMAL','2026-04-06 16:00:00','2026-04-06 16:00:00',NULL,NULL,'EXCEL_IMPORT',NULL,NULL,NULL,0,NULL,NULL),(495,'小程','13972893880','BACKEND',1,'2026-05-16 03:45:59','2026-05-16 03:45:59',NULL,NULL,0,'FORMAL','2026-04-06 16:00:00','2026-04-06 16:00:00',NULL,NULL,'EXCEL_IMPORT',NULL,NULL,NULL,0,NULL,NULL),(496,'郭旻嘉','13523628059','BACKEND',1,'2026-05-16 03:45:59','2026-05-16 03:45:59',NULL,NULL,0,'FORMAL','2026-04-06 16:00:00','2026-04-06 16:00:00',NULL,NULL,'EXCEL_IMPORT',NULL,NULL,NULL,0,NULL,NULL),(497,'刘安安','15982117859','BACKEND',1,'2026-05-16 03:45:59','2026-05-16 03:45:59',NULL,NULL,0,'FORMAL','2026-04-06 16:00:00','2026-04-06 16:00:00',NULL,NULL,'EXCEL_IMPORT',NULL,NULL,NULL,0,NULL,NULL),(498,'李怀幸','18771968229','BACKEND',1,'2026-05-16 03:45:59','2026-05-16 03:45:59',NULL,NULL,0,'FORMAL','2026-04-06 16:00:00','2026-04-06 16:00:00',NULL,NULL,'EXCEL_IMPORT',NULL,NULL,NULL,0,NULL,NULL),(499,'王啸坤','15172650063','BACKEND',1,'2026-05-16 03:45:59','2026-05-16 03:45:59',NULL,NULL,0,'FORMAL','2026-04-06 16:00:00','2026-04-06 16:00:00',NULL,NULL,'EXCEL_IMPORT',NULL,NULL,NULL,0,NULL,NULL),(500,'程文博','15727136289','BACKEND',1,'2026-05-16 03:45:59','2026-05-16 03:45:59',NULL,NULL,0,'FORMAL','2026-04-06 16:00:00','2026-04-06 16:00:00',NULL,NULL,'EXCEL_IMPORT',NULL,NULL,NULL,0,NULL,NULL),(501,'刘思涵','15771081250','BACKEND',1,'2026-05-16 03:45:59','2026-05-16 03:45:59',NULL,NULL,0,'FORMAL','2026-04-06 16:00:00','2026-04-06 16:00:00',NULL,NULL,'EXCEL_IMPORT',NULL,NULL,NULL,0,NULL,NULL),(502,'周星泽','13068888895','BACKEND',1,'2026-05-16 03:45:59','2026-05-16 03:45:59',NULL,NULL,0,'FORMAL','2026-04-06 16:00:00','2026-04-06 16:00:00',NULL,NULL,'EXCEL_IMPORT',NULL,NULL,NULL,0,NULL,NULL),(503,'王小兵','17803896711','BACKEND',1,'2026-05-16 03:45:59','2026-05-16 03:45:59',NULL,NULL,0,'FORMAL','2026-04-06 16:00:00','2026-04-06 16:00:00',NULL,NULL,'EXCEL_IMPORT',NULL,NULL,NULL,0,NULL,NULL),(504,'周弯','15327182252','BACKEND',1,'2026-05-16 03:45:59','2026-05-16 03:45:59',NULL,NULL,0,'FORMAL','2026-04-06 16:00:00','2026-04-06 16:00:00',NULL,NULL,'EXCEL_IMPORT',NULL,NULL,NULL,0,NULL,NULL),(505,'杨淇森','15903529466','BACKEND',1,'2026-05-16 03:45:59','2026-05-16 03:45:59',NULL,NULL,0,'FORMAL','2026-08-16 16:00:00','2026-08-16 16:00:00',NULL,NULL,'EXCEL_IMPORT',NULL,NULL,NULL,0,NULL,NULL),(506,'马梦阳','19313937203','BACKEND',1,'2026-05-16 03:45:59','2026-05-16 03:45:59',NULL,NULL,0,'FORMAL','2026-04-06 16:00:00','2026-04-06 16:00:00',NULL,NULL,'EXCEL_IMPORT',NULL,NULL,NULL,0,NULL,NULL),(507,'勇敢的山楂','13623925727','BACKEND',1,'2026-05-16 03:45:59','2026-05-16 03:45:59',NULL,NULL,0,'FORMAL','2026-04-10 16:00:00','2026-04-10 16:00:00',NULL,NULL,'EXCEL_IMPORT',NULL,NULL,NULL,0,NULL,NULL),(508,'夏玉冰','18671653551','BACKEND',1,'2026-05-16 03:45:59','2026-05-16 03:45:59',NULL,NULL,0,'FORMAL','2026-04-09 16:00:00','2026-04-09 16:00:00',NULL,NULL,'EXCEL_IMPORT',NULL,NULL,NULL,0,NULL,NULL),(509,'李煜','17771426190','BACKEND',1,'2026-05-16 03:45:59','2026-05-16 03:45:59',NULL,NULL,0,'FORMAL','2026-04-09 16:00:00','2026-04-09 16:00:00',NULL,NULL,'EXCEL_IMPORT',NULL,NULL,NULL,0,NULL,NULL),(510,'陆虎','13550893855','BACKEND',1,'2026-05-16 03:45:59','2026-05-16 03:45:59',NULL,NULL,0,'FORMAL','2026-04-09 16:00:00','2026-04-09 16:00:00',NULL,NULL,'EXCEL_IMPORT',NULL,NULL,NULL,0,NULL,NULL),(511,'刘彪','15107254981','BACKEND',1,'2026-05-16 03:45:59','2026-05-16 03:45:59',NULL,NULL,0,'FORMAL','2026-04-09 16:00:00','2026-04-09 16:00:00',NULL,NULL,'EXCEL_IMPORT',NULL,NULL,NULL,0,NULL,NULL),(512,'盛有志','15079841707','BACKEND',1,'2026-05-16 03:45:59','2026-05-16 03:45:59',NULL,NULL,0,'FORMAL','2026-04-09 16:00:00','2026-04-09 16:00:00',NULL,NULL,'EXCEL_IMPORT',NULL,NULL,NULL,0,NULL,NULL),(513,'顾盼','18314799349','BACKEND',1,'2026-05-16 03:45:59','2026-05-16 03:45:59',NULL,NULL,0,'FORMAL','2026-04-19 16:00:00','2026-04-19 16:00:00',NULL,NULL,'EXCEL_IMPORT',NULL,NULL,NULL,0,NULL,NULL),(514,'刘馨圆','17740594192','BACKEND',1,'2026-05-16 03:45:59','2026-05-16 03:45:59',NULL,NULL,0,'FORMAL','2026-04-09 16:00:00','2026-04-09 16:00:00',NULL,NULL,'EXCEL_IMPORT',NULL,NULL,NULL,0,NULL,NULL),(515,'佟柯','13296522095','BACKEND',1,'2026-05-16 03:45:59','2026-05-16 03:45:59',NULL,NULL,0,'FORMAL','2026-04-09 16:00:00','2026-04-09 16:00:00',NULL,NULL,'EXCEL_IMPORT',NULL,NULL,NULL,0,NULL,NULL),(516,'海苔脆脆鲨','17638696297','BACKEND',1,'2026-05-16 03:45:59','2026-05-16 03:45:59',NULL,NULL,0,'FORMAL','2026-04-07 16:00:00','2026-04-07 16:00:00',NULL,NULL,'EXCEL_IMPORT',NULL,NULL,NULL,0,NULL,NULL),(517,'慧慧','15327284633','BACKEND',1,'2026-05-16 03:45:59','2026-05-16 03:45:59',NULL,NULL,0,'FORMAL','2026-04-11 16:00:00','2026-04-11 16:00:00',NULL,NULL,'EXCEL_IMPORT',NULL,NULL,NULL,0,NULL,NULL),(518,'胡消消','17671720464','BACKEND',1,'2026-05-16 03:45:59','2026-05-16 03:45:59',NULL,NULL,0,'FORMAL','2026-04-08 16:00:00','2026-04-08 16:00:00',NULL,NULL,'EXCEL_IMPORT',NULL,NULL,NULL,0,NULL,NULL),(519,'许澄澄','18571734930','BACKEND',1,'2026-05-16 03:45:59','2026-05-16 03:45:59',NULL,NULL,0,'FORMAL','2026-04-09 16:00:00','2026-04-09 16:00:00',NULL,NULL,'EXCEL_IMPORT',NULL,NULL,NULL,0,NULL,NULL),(520,'周能力','19821488351','BACKEND',1,'2026-05-16 03:45:59','2026-05-16 03:45:59',NULL,NULL,0,'FORMAL','2026-04-09 16:00:00','2026-04-09 16:00:00',NULL,NULL,'EXCEL_IMPORT',NULL,NULL,NULL,0,NULL,NULL),(521,'周诗懿','13971604069','BACKEND',1,'2026-05-16 03:45:59','2026-05-16 03:45:59',NULL,NULL,0,'FORMAL','2026-04-19 16:00:00','2026-04-19 16:00:00',NULL,NULL,'EXCEL_IMPORT',NULL,NULL,NULL,0,NULL,NULL),(522,'何梓键','19945054600','BACKEND',1,'2026-05-16 03:45:59','2026-05-16 03:45:59',NULL,NULL,0,'FORMAL','2026-04-09 16:00:00','2026-04-09 16:00:00',NULL,NULL,'EXCEL_IMPORT',NULL,NULL,NULL,0,NULL,NULL),(523,'向奕','18986849856','BACKEND',1,'2026-05-16 03:45:59','2026-05-16 03:45:59',NULL,NULL,0,'FORMAL','2026-04-22 16:00:00','2026-04-22 16:00:00',NULL,NULL,'EXCEL_IMPORT',NULL,NULL,NULL,0,NULL,NULL),(524,'黄湾','18672934391','BACKEND',1,'2026-05-16 03:45:59','2026-05-16 03:45:59',NULL,NULL,0,'FORMAL','2026-05-14 16:00:00','2026-05-14 16:00:00',NULL,NULL,'EXCEL_IMPORT',NULL,NULL,NULL,0,NULL,NULL),(525,'艾伦','18672118607','BACKEND',1,'2026-05-16 03:45:59','2026-05-16 03:45:59',NULL,NULL,0,'FORMAL','2026-04-11 16:00:00','2026-04-11 16:00:00',NULL,NULL,'EXCEL_IMPORT',NULL,NULL,NULL,0,NULL,NULL),(526,'If','13971954577','BACKEND',1,'2026-05-16 03:45:59','2026-05-16 03:45:59',NULL,NULL,0,'FORMAL','2026-05-06 16:00:00','2026-05-06 16:00:00',NULL,NULL,'EXCEL_IMPORT',NULL,NULL,NULL,0,NULL,NULL),(527,'彭锦','15623872189','BACKEND',1,'2026-05-16 03:45:59','2026-05-16 03:45:59',NULL,NULL,0,'FORMAL','2026-04-11 16:00:00','2026-04-11 16:00:00',NULL,NULL,'EXCEL_IMPORT',NULL,NULL,NULL,0,NULL,NULL),(528,'胡飞雪','15697281898','BACKEND',1,'2026-05-16 03:45:59','2026-05-16 03:45:59',NULL,NULL,0,'FORMAL','2026-04-11 16:00:00','2026-04-11 16:00:00',NULL,NULL,'EXCEL_IMPORT',NULL,NULL,NULL,0,NULL,NULL),(529,'张紫薇','19972480747','BACKEND',1,'2026-05-16 03:45:59','2026-05-16 03:45:59',NULL,NULL,0,'FORMAL','2026-04-11 16:00:00','2026-04-11 16:00:00',NULL,NULL,'EXCEL_IMPORT',NULL,NULL,NULL,0,NULL,NULL),(530,'李乐','13264675330','BACKEND',1,'2026-05-16 03:45:59','2026-05-16 03:45:59',NULL,NULL,0,'FORMAL','2026-04-11 16:00:00','2026-04-11 16:00:00',NULL,NULL,'EXCEL_IMPORT',NULL,NULL,NULL,0,NULL,NULL),(531,'管诗涵','17365922373','BACKEND',1,'2026-05-16 03:45:59','2026-05-16 03:45:59',NULL,NULL,0,'FORMAL','2026-04-11 16:00:00','2026-04-11 16:00:00',NULL,NULL,'EXCEL_IMPORT',NULL,NULL,NULL,0,NULL,NULL),(532,'彭建祎','13335174750','BACKEND',1,'2026-05-16 03:45:59','2026-05-16 03:45:59',NULL,NULL,0,'FORMAL','2026-04-11 16:00:00','2026-04-11 16:00:00',NULL,NULL,'EXCEL_IMPORT',NULL,NULL,NULL,0,NULL,NULL),(533,'万圳','13227237620','BACKEND',1,'2026-05-16 03:45:59','2026-05-16 03:45:59',NULL,NULL,0,'FORMAL','2026-04-13 16:00:00','2026-04-13 16:00:00',NULL,NULL,'EXCEL_IMPORT',NULL,NULL,NULL,0,NULL,NULL),(534,'赵玉辉','15171419106','BACKEND',1,'2026-05-16 03:45:59','2026-05-16 03:45:59',NULL,NULL,0,'FORMAL','2026-04-13 16:00:00','2026-04-13 16:00:00',NULL,NULL,'EXCEL_IMPORT',NULL,NULL,NULL,0,NULL,NULL),(535,'王雅思','18257793343','BACKEND',1,'2026-05-16 03:45:59','2026-05-16 03:45:59',NULL,NULL,0,'FORMAL','2026-04-13 16:00:00','2026-04-13 16:00:00',NULL,NULL,'EXCEL_IMPORT',NULL,NULL,NULL,0,NULL,NULL),(536,'张婉玉','18790476342','BACKEND',1,'2026-05-16 03:45:59','2026-05-16 03:45:59',NULL,NULL,0,'FORMAL','2026-04-13 16:00:00','2026-04-13 16:00:00',NULL,NULL,'EXCEL_IMPORT',NULL,NULL,NULL,0,NULL,NULL),(537,'谢佳怡','15571513730','BACKEND',1,'2026-05-16 03:45:59','2026-05-16 03:45:59',NULL,NULL,0,'FORMAL','2026-04-13 16:00:00','2026-04-13 16:00:00',NULL,NULL,'EXCEL_IMPORT',NULL,NULL,NULL,0,NULL,NULL),(538,'李紫萱','13476804545','BACKEND',1,'2026-05-16 03:45:59','2026-05-16 03:45:59',NULL,NULL,0,'FORMAL','2026-04-11 16:00:00','2026-04-11 16:00:00',NULL,NULL,'EXCEL_IMPORT',NULL,NULL,NULL,0,NULL,NULL),(539,'程斯','15907158465','BACKEND',1,'2026-05-16 03:45:59','2026-05-16 03:45:59',NULL,NULL,0,'FORMAL','2026-04-17 16:00:00','2026-04-17 16:00:00',NULL,NULL,'EXCEL_IMPORT',NULL,NULL,NULL,0,NULL,NULL),(540,'张小姜','15027110579','BACKEND',1,'2026-05-16 03:45:59','2026-05-16 03:45:59',NULL,NULL,0,'FORMAL','2026-04-12 16:00:00','2026-04-12 16:00:00',NULL,NULL,'EXCEL_IMPORT',NULL,NULL,NULL,0,NULL,NULL),(541,'姜小张','13871631525','BACKEND',1,'2026-05-16 03:45:59','2026-05-16 03:45:59',NULL,NULL,0,'FORMAL','2026-04-12 16:00:00','2026-04-12 16:00:00',NULL,NULL,'EXCEL_IMPORT',NULL,NULL,NULL,0,NULL,NULL),(542,'陈旭','13235401202','BACKEND',1,'2026-05-16 03:45:59','2026-05-16 03:45:59',NULL,NULL,0,'FORMAL','2026-04-13 16:00:00','2026-04-13 16:00:00',NULL,NULL,'EXCEL_IMPORT',NULL,NULL,NULL,0,NULL,NULL),(543,'冷冷','19831026008','BACKEND',1,'2026-05-16 03:45:59','2026-05-16 03:45:59',NULL,NULL,0,'FORMAL','2026-04-13 16:00:00','2026-04-13 16:00:00',NULL,NULL,'EXCEL_IMPORT',NULL,NULL,NULL,0,NULL,NULL),(544,'付艺','17678924421','BACKEND',1,'2026-05-16 03:45:59','2026-05-16 03:45:59',NULL,NULL,0,'FORMAL','2026-04-13 16:00:00','2026-04-13 16:00:00',NULL,NULL,'EXCEL_IMPORT',NULL,NULL,NULL,0,NULL,NULL),(545,'张玺','15527688909','BACKEND',1,'2026-05-16 03:45:59','2026-05-16 03:45:59',NULL,NULL,0,'FORMAL','2026-04-13 16:00:00','2026-04-13 16:00:00',NULL,NULL,'EXCEL_IMPORT',NULL,NULL,NULL,0,NULL,NULL),(546,'高先生','13163242799','BACKEND',1,'2026-05-16 03:45:59','2026-05-16 03:45:59',NULL,NULL,0,'FORMAL','2026-04-12 16:00:00','2026-04-12 16:00:00',NULL,NULL,'EXCEL_IMPORT',NULL,NULL,NULL,0,NULL,NULL),(547,'赵静方','15071616518','BACKEND',1,'2026-05-16 03:45:59','2026-05-16 03:45:59',NULL,NULL,0,'FORMAL','2026-04-14 16:00:00','2026-04-14 16:00:00',NULL,NULL,'EXCEL_IMPORT',NULL,NULL,NULL,0,NULL,NULL),(548,'劳心怡','18907195291','BACKEND',1,'2026-05-16 03:45:59','2026-05-16 03:45:59',NULL,NULL,0,'FORMAL','2026-04-15 16:00:00','2026-04-15 16:00:00',NULL,NULL,'EXCEL_IMPORT',NULL,NULL,NULL,0,NULL,NULL),(549,'岳女士','13597468355','BACKEND',1,'2026-05-16 03:45:59','2026-05-16 03:45:59',NULL,NULL,0,'FORMAL','2026-04-15 16:00:00','2026-04-15 16:00:00',NULL,NULL,'EXCEL_IMPORT',NULL,NULL,NULL,0,NULL,NULL),(550,'杨洋','15835325059','BACKEND',1,'2026-05-16 03:45:59','2026-05-16 03:45:59',NULL,NULL,0,'FORMAL','2026-04-15 16:00:00','2026-04-15 16:00:00',NULL,NULL,'EXCEL_IMPORT',NULL,NULL,NULL,0,NULL,NULL),(551,'彭晓晓','15871779693','BACKEND',1,'2026-05-16 03:45:59','2026-05-16 03:45:59',NULL,NULL,0,'FORMAL','2026-04-18 16:00:00','2026-04-18 16:00:00',NULL,NULL,'EXCEL_IMPORT',NULL,NULL,NULL,0,NULL,NULL),(552,'能能','13163375018','BACKEND',1,'2026-05-16 03:45:59','2026-05-16 03:45:59',NULL,NULL,0,'FORMAL','2026-04-13 16:00:00','2026-04-13 16:00:00',NULL,NULL,'EXCEL_IMPORT',NULL,NULL,NULL,0,NULL,NULL),(553,'Suki','18189522767','BACKEND',1,'2026-05-16 03:45:59','2026-05-16 03:45:59',NULL,NULL,0,'FORMAL','2026-04-15 16:00:00','2026-04-15 16:00:00',NULL,NULL,'EXCEL_IMPORT',NULL,NULL,NULL,0,NULL,NULL),(554,'李宣','18827065560','BACKEND',1,'2026-05-16 03:46:00','2026-05-16 03:46:00',NULL,NULL,0,'FORMAL','2026-04-14 16:00:00','2026-04-14 16:00:00',NULL,NULL,'EXCEL_IMPORT',NULL,NULL,NULL,0,NULL,NULL),(555,'孟子皓','18303399719','BACKEND',1,'2026-05-16 03:46:00','2026-05-16 03:46:00',NULL,NULL,0,'FORMAL','2026-04-15 16:00:00','2026-04-15 16:00:00',NULL,NULL,'EXCEL_IMPORT',NULL,NULL,NULL,0,NULL,NULL),(556,'何文慧','18390895217','BACKEND',1,'2026-05-16 03:46:00','2026-05-16 03:46:00',NULL,NULL,0,'FORMAL','2026-04-14 16:00:00','2026-04-14 16:00:00',NULL,NULL,'EXCEL_IMPORT',NULL,NULL,NULL,0,NULL,NULL),(557,'陈淼','15250182866','BACKEND',1,'2026-05-16 03:46:00','2026-05-16 03:46:00',NULL,NULL,0,'FORMAL','2026-04-30 16:00:00','2026-04-30 16:00:00',NULL,NULL,'EXCEL_IMPORT',NULL,NULL,NULL,0,NULL,NULL),(558,'李偲','13107733025','BACKEND',1,'2026-05-16 03:46:00','2026-05-16 03:46:00',NULL,NULL,0,'FORMAL','2026-04-13 16:00:00','2026-04-13 16:00:00',NULL,NULL,'EXCEL_IMPORT',NULL,NULL,NULL,0,NULL,NULL),(559,'黄子倩','19079256623','BACKEND',1,'2026-05-16 03:46:00','2026-05-16 03:46:00',NULL,NULL,0,'FORMAL','2026-04-14 16:00:00','2026-04-14 16:00:00',NULL,NULL,'EXCEL_IMPORT',NULL,NULL,NULL,0,NULL,NULL),(560,'李霖珅','17386388020','BACKEND',1,'2026-05-16 03:46:00','2026-05-16 03:46:00',NULL,NULL,0,'FORMAL','2026-04-14 16:00:00','2026-04-14 16:00:00',NULL,NULL,'EXCEL_IMPORT',NULL,NULL,NULL,0,NULL,NULL),(561,'徐萌','18827048374','BACKEND',1,'2026-05-16 03:46:00','2026-05-16 03:46:00',NULL,NULL,0,'FORMAL','2026-04-21 16:00:00','2026-04-21 16:00:00',NULL,NULL,'EXCEL_IMPORT',NULL,NULL,NULL,0,NULL,NULL),(562,'唐唐','19871992042','BACKEND',1,'2026-05-16 03:46:00','2026-05-16 03:46:00',NULL,NULL,0,'FORMAL','2026-04-15 16:00:00','2026-04-15 16:00:00',NULL,NULL,'EXCEL_IMPORT',NULL,NULL,NULL,0,NULL,NULL),(563,'张文婷','13829214802','BACKEND',1,'2026-05-16 03:46:00','2026-05-16 03:46:00',NULL,NULL,0,'FORMAL','2026-04-21 16:00:00','2026-04-21 16:00:00',NULL,NULL,'EXCEL_IMPORT',NULL,NULL,NULL,0,NULL,NULL),(564,'林云','13899505970','BACKEND',1,'2026-05-16 03:46:00','2026-05-16 03:46:00',NULL,NULL,0,'FORMAL','2026-04-21 16:00:00','2026-04-21 16:00:00',NULL,NULL,'EXCEL_IMPORT',NULL,NULL,NULL,0,NULL,NULL),(565,'詹梓萱','13520014231','BACKEND',1,'2026-05-16 03:46:00','2026-05-16 03:46:00',NULL,NULL,0,'FORMAL','2026-04-23 16:00:00','2026-04-23 16:00:00',NULL,NULL,'EXCEL_IMPORT',NULL,NULL,NULL,0,NULL,NULL),(566,'王智函','15338985037','BACKEND',1,'2026-05-16 03:46:00','2026-05-16 03:46:00',NULL,NULL,0,'FORMAL','2026-04-23 16:00:00','2026-04-23 16:00:00',NULL,NULL,'EXCEL_IMPORT',NULL,NULL,NULL,0,NULL,NULL),(567,'杨梦喜','15258235290','BACKEND',1,'2026-05-16 03:46:00','2026-05-16 03:46:00',NULL,NULL,0,'FORMAL','2026-04-23 16:00:00','2026-04-23 16:00:00',NULL,NULL,'EXCEL_IMPORT',NULL,NULL,NULL,0,NULL,NULL),(568,'朱基米德','13477526184','BACKEND',1,'2026-05-16 03:46:00','2026-05-16 03:46:00',NULL,NULL,0,'FORMAL','2026-04-21 16:00:00','2026-04-21 16:00:00',NULL,NULL,'EXCEL_IMPORT',NULL,NULL,NULL,0,NULL,NULL),(569,'倪莎','18608659777','BACKEND',1,'2026-05-16 03:46:00','2026-05-16 03:46:00',NULL,NULL,0,'FORMAL','2026-04-23 16:00:00','2026-04-23 16:00:00',NULL,NULL,'EXCEL_IMPORT',NULL,NULL,NULL,0,NULL,NULL),(570,'舒玉娇','15926842104','BACKEND',1,'2026-05-16 03:46:00','2026-05-16 03:46:00',NULL,NULL,0,'FORMAL','2026-04-21 16:00:00','2026-04-21 16:00:00',NULL,NULL,'EXCEL_IMPORT',NULL,NULL,NULL,0,NULL,NULL),(571,'田苗苗','18659116200','BACKEND',1,'2026-05-16 03:46:00','2026-05-16 03:46:00',NULL,NULL,0,'FORMAL','2025-10-31 16:00:00','2025-10-31 16:00:00',NULL,NULL,'EXCEL_IMPORT',NULL,NULL,NULL,0,NULL,NULL),(572,'徐紫琴','15572357281','BACKEND',1,'2026-05-16 03:46:00','2026-05-16 03:46:00',NULL,NULL,0,'FORMAL','2026-04-23 16:00:00','2026-04-23 16:00:00',NULL,NULL,'EXCEL_IMPORT',NULL,NULL,NULL,0,NULL,NULL),(573,'黄杏','18607142701','BACKEND',1,'2026-05-16 03:46:00','2026-05-16 03:46:00',NULL,NULL,0,'FORMAL','2026-04-24 16:00:00','2026-04-24 16:00:00',NULL,NULL,'EXCEL_IMPORT',NULL,NULL,NULL,0,NULL,NULL),(574,'谢春华','13260503078','BACKEND',1,'2026-05-16 03:46:00','2026-05-16 03:46:00',NULL,NULL,0,'FORMAL','2026-04-27 16:00:00','2026-04-27 16:00:00',NULL,NULL,'EXCEL_IMPORT',NULL,NULL,NULL,0,NULL,NULL),(575,'郐鑫彤','13297975625','BACKEND',1,'2026-05-16 03:46:00','2026-05-16 03:46:00',NULL,NULL,0,'FORMAL','2026-04-23 16:00:00','2026-04-23 16:00:00',NULL,NULL,'EXCEL_IMPORT',NULL,NULL,NULL,0,NULL,NULL),(576,'程维佳','15172469238','BACKEND',1,'2026-05-16 03:46:00','2026-05-16 03:46:00',NULL,NULL,0,'FORMAL','2026-04-20 16:00:00','2026-04-20 16:00:00',NULL,NULL,'EXCEL_IMPORT',NULL,NULL,NULL,0,NULL,NULL),(577,'张小涵','13972081761','BACKEND',1,'2026-05-16 03:46:00','2026-05-16 03:46:00',NULL,NULL,0,'FORMAL','2026-04-21 16:00:00','2026-04-21 16:00:00',NULL,NULL,'EXCEL_IMPORT',NULL,NULL,NULL,0,NULL,NULL),(578,'郭清扬','18627086000','BACKEND',1,'2026-05-16 03:46:00','2026-05-16 03:46:00',NULL,NULL,0,'FORMAL','2026-04-21 16:00:00','2026-04-21 16:00:00',NULL,NULL,'EXCEL_IMPORT',NULL,NULL,NULL,0,NULL,NULL),(579,'黎小黎','13677271041','BACKEND',1,'2026-05-16 03:46:00','2026-05-16 03:46:00',NULL,NULL,0,'FORMAL','2026-04-21 16:00:00','2026-04-21 16:00:00',NULL,NULL,'EXCEL_IMPORT',NULL,NULL,NULL,0,NULL,NULL),(580,'贝贝','15972103728','BACKEND',1,'2026-05-16 03:46:00','2026-05-16 03:46:00',NULL,NULL,0,'FORMAL','2026-04-21 16:00:00','2026-04-21 16:00:00',NULL,NULL,'EXCEL_IMPORT',NULL,NULL,NULL,0,NULL,NULL),(581,'戴小星','13826326299','BACKEND',1,'2026-05-16 03:46:00','2026-05-16 03:46:00',NULL,NULL,0,'FORMAL','2026-04-21 16:00:00','2026-04-21 16:00:00',NULL,NULL,'EXCEL_IMPORT',NULL,NULL,NULL,0,NULL,NULL),(582,'陈诗琪','17720344095','BACKEND',1,'2026-05-16 03:46:00','2026-05-16 03:46:00',NULL,NULL,0,'FORMAL','2026-04-21 16:00:00','2026-04-21 16:00:00',NULL,NULL,'EXCEL_IMPORT',NULL,NULL,NULL,0,NULL,NULL),(583,'罗医生','13554249182','BACKEND',1,'2026-05-16 03:46:00','2026-05-16 03:46:00',NULL,NULL,0,'FORMAL','2026-04-21 16:00:00','2026-04-21 16:00:00',NULL,NULL,'EXCEL_IMPORT',NULL,NULL,NULL,0,NULL,NULL),(584,'晓晓','13597676995','BACKEND',1,'2026-05-16 03:46:00','2026-05-16 03:46:00',NULL,NULL,0,'FORMAL','2026-04-22 16:00:00','2026-04-22 16:00:00',NULL,NULL,'EXCEL_IMPORT',NULL,NULL,NULL,0,NULL,NULL),(585,'何佳文','18271818513','BACKEND',1,'2026-05-16 03:46:00','2026-05-16 03:46:00',NULL,NULL,0,'FORMAL','2026-04-22 16:00:00','2026-04-22 16:00:00',NULL,NULL,'EXCEL_IMPORT',NULL,NULL,NULL,0,NULL,NULL),(586,'夏蝶','15607120700','BACKEND',1,'2026-05-16 03:46:00','2026-05-16 03:46:00',NULL,NULL,0,'FORMAL','2026-04-22 16:00:00','2026-04-22 16:00:00',NULL,NULL,'EXCEL_IMPORT',NULL,NULL,NULL,0,NULL,NULL),(587,'唐诗音','13281212983','BACKEND',1,'2026-05-16 03:46:00','2026-05-16 03:46:00',NULL,NULL,0,'FORMAL','2026-04-22 16:00:00','2026-04-22 16:00:00',NULL,NULL,'EXCEL_IMPORT',NULL,NULL,NULL,0,NULL,NULL),(588,'霹雳少女','13409697483','BACKEND',1,'2026-05-16 03:46:00','2026-05-16 03:46:00',NULL,NULL,0,'FORMAL','2026-04-22 16:00:00','2026-04-22 16:00:00',NULL,NULL,'EXCEL_IMPORT',NULL,NULL,NULL,0,NULL,NULL),(589,'朱美陶','13123610797','BACKEND',1,'2026-05-16 03:46:00','2026-05-16 03:46:00',NULL,NULL,0,'FORMAL','2026-04-22 16:00:00','2026-04-22 16:00:00',NULL,NULL,'EXCEL_IMPORT',NULL,NULL,NULL,0,NULL,NULL),(590,'冯鑫','17307230923','BACKEND',1,'2026-05-16 03:46:00','2026-05-16 03:46:00',NULL,NULL,0,'FORMAL','2026-04-23 16:00:00','2026-04-23 16:00:00',NULL,NULL,'EXCEL_IMPORT',NULL,NULL,NULL,0,NULL,NULL),(591,'星星','15679161934','BACKEND',1,'2026-05-16 03:46:00','2026-05-16 03:46:00',NULL,NULL,0,'FORMAL','2026-04-23 16:00:00','2026-04-23 16:00:00',NULL,NULL,'EXCEL_IMPORT',NULL,NULL,NULL,0,NULL,NULL),(592,'易仕亮','18900717268','BACKEND',1,'2026-05-16 03:46:00','2026-05-16 03:46:00',NULL,NULL,0,'FORMAL','2026-04-23 16:00:00','2026-04-23 16:00:00',NULL,NULL,'EXCEL_IMPORT',NULL,NULL,NULL,0,NULL,NULL),(593,'张驰','18805875414','BACKEND',1,'2026-05-16 03:46:00','2026-05-16 03:46:00',NULL,NULL,0,'FORMAL','2026-04-23 16:00:00','2026-04-23 16:00:00',NULL,NULL,'EXCEL_IMPORT',NULL,NULL,NULL,0,NULL,NULL),(594,'李木子','13297992693','BACKEND',1,'2026-05-16 03:46:00','2026-05-16 03:46:00',NULL,NULL,0,'FORMAL','2026-04-23 16:00:00','2026-04-23 16:00:00',NULL,NULL,'EXCEL_IMPORT',NULL,NULL,NULL,0,NULL,NULL),(595,'彭新伟','15171641253','BACKEND',1,'2026-05-16 03:46:00','2026-05-16 03:46:00',NULL,NULL,0,'FORMAL','2026-04-23 16:00:00','2026-04-23 16:00:00',NULL,NULL,'EXCEL_IMPORT',NULL,NULL,NULL,0,NULL,NULL),(596,'郑薇','15771134645','BACKEND',1,'2026-05-16 03:46:00','2026-05-16 03:46:00',NULL,NULL,0,'FORMAL','2026-04-24 16:00:00','2026-04-24 16:00:00',NULL,NULL,'EXCEL_IMPORT',NULL,NULL,NULL,0,NULL,NULL),(597,'杨哲轩','17671619261','BACKEND',1,'2026-05-16 03:46:00','2026-05-16 03:46:00',NULL,NULL,0,'FORMAL','2026-04-24 16:00:00','2026-04-24 16:00:00',NULL,NULL,'EXCEL_IMPORT',NULL,NULL,NULL,0,NULL,NULL),(598,'刘佳兰','15827462926','BACKEND',1,'2026-05-16 03:46:00','2026-05-16 03:46:00',NULL,NULL,0,'FORMAL','2026-04-26 16:00:00','2026-04-26 16:00:00',NULL,NULL,'EXCEL_IMPORT',NULL,NULL,NULL,0,NULL,NULL),(599,'胡紫瑜','13307340057','BACKEND',1,'2026-05-16 03:46:00','2026-05-16 03:46:00',NULL,NULL,0,'FORMAL','2026-04-26 16:00:00','2026-04-26 16:00:00',NULL,NULL,'EXCEL_IMPORT',NULL,NULL,NULL,0,NULL,NULL),(600,'唐女士','15688166232','BACKEND',1,'2026-05-16 03:46:00','2026-05-16 03:46:00',NULL,NULL,0,'FORMAL','2026-04-26 16:00:00','2026-04-26 16:00:00',NULL,NULL,'EXCEL_IMPORT',NULL,NULL,NULL,0,NULL,NULL),(601,'彬彬','19871512403','BACKEND',1,'2026-05-16 03:46:00','2026-05-16 03:46:00',NULL,NULL,0,'FORMAL','2026-04-26 16:00:00','2026-04-26 16:00:00',NULL,NULL,'EXCEL_IMPORT',NULL,NULL,NULL,0,NULL,NULL),(602,'彭丽婷','15860576296','BACKEND',1,'2026-05-16 03:46:00','2026-05-16 03:46:00',NULL,NULL,0,'FORMAL','2026-04-26 16:00:00','2026-04-26 16:00:00',NULL,NULL,'EXCEL_IMPORT',NULL,NULL,NULL,0,NULL,NULL),(603,'陈萌萌','18671490941','BACKEND',1,'2026-05-16 03:46:00','2026-05-16 03:46:00',NULL,NULL,0,'FORMAL','2026-04-27 16:00:00','2026-04-27 16:00:00',NULL,NULL,'EXCEL_IMPORT',NULL,NULL,NULL,0,NULL,NULL),(604,'刘航','15927582770','BACKEND',1,'2026-05-16 03:46:00','2026-05-16 03:46:00',NULL,NULL,0,'FORMAL','2026-04-27 16:00:00','2026-04-27 16:00:00',NULL,NULL,'EXCEL_IMPORT',NULL,NULL,NULL,0,NULL,NULL),(605,'奈奈','18327034024','BACKEND',1,'2026-05-16 03:46:00','2026-05-16 03:46:00',NULL,NULL,0,'FORMAL','2026-04-27 16:00:00','2026-04-27 16:00:00',NULL,NULL,'EXCEL_IMPORT',NULL,NULL,NULL,0,NULL,NULL),(606,'马雪','15997226782','BACKEND',1,'2026-05-16 03:46:00','2026-05-16 03:46:00',NULL,NULL,0,'FORMAL','2026-04-27 16:00:00','2026-04-27 16:00:00',NULL,NULL,'EXCEL_IMPORT',NULL,NULL,NULL,0,NULL,NULL),(607,'程心','15179033120','BACKEND',1,'2026-05-16 03:46:00','2026-05-16 03:46:00',NULL,NULL,0,'FORMAL','2026-04-27 16:00:00','2026-04-27 16:00:00',NULL,NULL,'EXCEL_IMPORT',NULL,NULL,NULL,0,NULL,NULL),(608,'龚科','18827451003','BACKEND',1,'2026-05-16 03:46:00','2026-05-16 03:46:00',NULL,NULL,0,'FORMAL','2026-04-27 16:00:00','2026-04-27 16:00:00',NULL,NULL,'EXCEL_IMPORT',NULL,NULL,NULL,0,NULL,NULL),(609,'宁泞','15872333692','BACKEND',1,'2026-05-16 03:46:00','2026-05-16 03:46:00',NULL,NULL,0,'FORMAL','2026-04-26 16:00:00','2026-04-26 16:00:00',NULL,NULL,'EXCEL_IMPORT',NULL,NULL,NULL,0,NULL,NULL),(610,'张玲','13407243004','BACKEND',1,'2026-05-16 03:46:00','2026-05-16 03:46:00',NULL,NULL,0,'FORMAL','2026-04-29 16:00:00','2026-04-29 16:00:00',NULL,NULL,'EXCEL_IMPORT',NULL,NULL,NULL,0,NULL,NULL),(611,'顾萌兮','15549788760','BACKEND',1,'2026-05-16 03:46:00','2026-05-16 03:46:00',NULL,NULL,0,'FORMAL','2026-04-27 16:00:00','2026-04-27 16:00:00',NULL,NULL,'EXCEL_IMPORT',NULL,NULL,NULL,0,NULL,NULL),(612,'郑雨桐','15272588514','BACKEND',1,'2026-05-16 03:46:00','2026-05-16 03:46:00',NULL,NULL,0,'FORMAL','2026-04-28 16:00:00','2026-04-28 16:00:00',NULL,NULL,'EXCEL_IMPORT',NULL,NULL,NULL,0,NULL,NULL),(613,'黄曼曼','19252701018','BACKEND',1,'2026-05-16 03:46:00','2026-05-16 03:46:00',NULL,NULL,0,'FORMAL','2026-04-28 16:00:00','2026-04-28 16:00:00',NULL,NULL,'EXCEL_IMPORT',NULL,NULL,NULL,0,NULL,NULL),(614,'涂子灵','18771339515','BACKEND',1,'2026-05-16 03:46:00','2026-05-16 03:46:00',NULL,NULL,0,'FORMAL','2026-05-06 16:00:00','2026-05-06 16:00:00',NULL,NULL,'EXCEL_IMPORT',NULL,NULL,NULL,0,NULL,NULL),(615,'蔡小葵','15549276706','BACKEND',1,'2026-05-16 03:46:00','2026-05-16 03:46:00',NULL,NULL,0,'FORMAL','2026-04-28 16:00:00','2026-04-28 16:00:00',NULL,NULL,'EXCEL_IMPORT',NULL,NULL,NULL,0,NULL,NULL),(616,'叶子','13886143684','BACKEND',1,'2026-05-16 03:46:00','2026-05-16 03:46:00',NULL,NULL,0,'FORMAL','2026-05-05 16:00:00','2026-05-05 16:00:00',NULL,NULL,'EXCEL_IMPORT',NULL,NULL,NULL,0,NULL,NULL),(617,'王潇悦','18212011879','BACKEND',1,'2026-05-16 03:46:00','2026-05-16 03:46:00',NULL,NULL,0,'FORMAL','2026-05-12 16:00:00','2026-05-12 16:00:00',NULL,NULL,'EXCEL_IMPORT',NULL,NULL,NULL,0,NULL,NULL),(618,'何妙妍','15991874582','BACKEND',1,'2026-05-16 03:46:00','2026-05-16 03:46:00',NULL,NULL,0,'FORMAL','2026-05-05 16:00:00','2026-05-05 16:00:00',NULL,NULL,'EXCEL_IMPORT',NULL,NULL,NULL,0,NULL,NULL),(619,'曾婕妤','13164604605','BACKEND',1,'2026-05-16 03:46:00','2026-05-16 03:46:00',NULL,NULL,0,'FORMAL','2026-05-05 16:00:00','2026-05-05 16:00:00',NULL,NULL,'EXCEL_IMPORT',NULL,NULL,NULL,0,NULL,NULL),(620,'黄芳','13277421447','BACKEND',1,'2026-05-16 03:46:00','2026-05-16 03:46:00',NULL,NULL,0,'FORMAL','2026-05-05 16:00:00','2026-05-05 16:00:00',NULL,NULL,'EXCEL_IMPORT',NULL,NULL,NULL,0,NULL,NULL),(621,'荷包蛋','17762532370','BACKEND',1,'2026-05-16 03:46:00','2026-05-16 03:46:00',NULL,NULL,0,'FORMAL','2026-05-05 16:00:00','2026-05-05 16:00:00',NULL,NULL,'EXCEL_IMPORT',NULL,NULL,NULL,0,NULL,NULL),(622,'应雨默','18674062218','BACKEND',1,'2026-05-16 03:46:00','2026-05-16 03:46:00',NULL,NULL,0,'FORMAL','2026-05-05 16:00:00','2026-05-05 16:00:00',NULL,NULL,'EXCEL_IMPORT',NULL,NULL,NULL,0,NULL,NULL),(623,'张勇龙','13477014875','BACKEND',1,'2026-05-16 03:46:00','2026-05-16 03:46:00',NULL,NULL,0,'FORMAL','2026-05-05 16:00:00','2026-05-05 16:00:00',NULL,NULL,'EXCEL_IMPORT',NULL,NULL,NULL,0,NULL,NULL),(624,'曾子力','18271706877','BACKEND',1,'2026-05-16 03:46:00','2026-05-16 03:46:00',NULL,NULL,0,'FORMAL','2026-05-05 16:00:00','2026-05-05 16:00:00',NULL,NULL,'EXCEL_IMPORT',NULL,NULL,NULL,0,NULL,NULL),(625,'童伟豪','15072825014','BACKEND',1,'2026-05-16 03:46:00','2026-05-16 03:46:00',NULL,NULL,0,'FORMAL','2026-05-05 16:00:00','2026-05-05 16:00:00',NULL,NULL,'EXCEL_IMPORT',NULL,NULL,NULL,0,NULL,NULL),(626,'袁爽','15871464378','BACKEND',1,'2026-05-16 03:46:00','2026-05-16 03:46:00',NULL,NULL,0,'FORMAL','2026-05-05 16:00:00','2026-05-05 16:00:00',NULL,NULL,'EXCEL_IMPORT',NULL,NULL,NULL,0,NULL,NULL),(627,'王孛','17764065626','BACKEND',1,'2026-05-16 03:46:00','2026-05-16 03:46:00',NULL,NULL,0,'FORMAL','2026-05-05 16:00:00','2026-05-05 16:00:00',NULL,NULL,'EXCEL_IMPORT',NULL,NULL,NULL,0,NULL,NULL),(628,'刘红丽','17764080122','BACKEND',1,'2026-05-16 03:46:00','2026-05-16 03:46:00',NULL,NULL,0,'FORMAL','2026-05-05 16:00:00','2026-05-05 16:00:00',NULL,NULL,'EXCEL_IMPORT',NULL,NULL,NULL,0,NULL,NULL),(629,'徐欢','19522943527','BACKEND',1,'2026-05-16 03:46:00','2026-05-16 03:46:00',NULL,NULL,0,'FORMAL','2026-05-05 16:00:00','2026-05-05 16:00:00',NULL,NULL,'EXCEL_IMPORT',NULL,NULL,NULL,0,NULL,NULL),(630,'李李李','17302776982','BACKEND',1,'2026-05-16 03:46:00','2026-05-16 03:46:00',NULL,NULL,0,'FORMAL','2026-05-05 16:00:00','2026-05-05 16:00:00',NULL,NULL,'EXCEL_IMPORT',NULL,NULL,NULL,0,NULL,NULL),(631,'王慧杰','13525752819','BACKEND',1,'2026-05-16 03:46:00','2026-05-16 03:46:00',NULL,NULL,0,'FORMAL','2026-05-05 16:00:00','2026-05-05 16:00:00',NULL,NULL,'EXCEL_IMPORT',NULL,NULL,NULL,0,NULL,NULL),(632,'Eason','17754441319','BACKEND',1,'2026-05-16 03:46:00','2026-05-16 03:46:00',NULL,NULL,0,'FORMAL','2026-05-05 16:00:00','2026-05-05 16:00:00',NULL,NULL,'EXCEL_IMPORT',NULL,NULL,NULL,0,NULL,NULL),(633,'张紫郡','13972670402','BACKEND',1,'2026-05-16 03:46:00','2026-05-16 03:46:00',NULL,NULL,0,'FORMAL','2026-05-05 16:00:00','2026-05-05 16:00:00',NULL,NULL,'EXCEL_IMPORT',NULL,NULL,NULL,0,NULL,NULL),(634,'李鸿烨','18533537122','BACKEND',1,'2026-05-16 03:46:00','2026-05-16 03:46:00',NULL,NULL,0,'FORMAL','2026-05-05 16:00:00','2026-05-05 16:00:00',NULL,NULL,'EXCEL_IMPORT',NULL,NULL,NULL,0,NULL,NULL),(635,'劳拉','19996075293','BACKEND',1,'2026-05-16 03:46:00','2026-05-16 03:46:00',NULL,NULL,0,'FORMAL','2026-05-05 16:00:00','2026-05-05 16:00:00',NULL,NULL,'EXCEL_IMPORT',NULL,NULL,NULL,0,NULL,NULL),(636,'川页','19225873457','BACKEND',1,'2026-05-16 03:46:00','2026-05-16 03:46:00',NULL,NULL,0,'FORMAL','2026-05-05 16:00:00','2026-05-05 16:00:00',NULL,NULL,'EXCEL_IMPORT',NULL,NULL,NULL,0,NULL,NULL),(637,'彭晶','15392713127','BACKEND',1,'2026-05-16 03:46:00','2026-05-16 03:46:00',NULL,NULL,0,'FORMAL','2026-05-05 16:00:00','2026-05-05 16:00:00',NULL,NULL,'EXCEL_IMPORT',NULL,NULL,NULL,0,NULL,NULL),(638,'段殷锦','17671770900','BACKEND',1,'2026-05-16 03:46:00','2026-05-16 03:46:00',NULL,NULL,0,'FORMAL','2026-05-05 16:00:00','2026-05-05 16:00:00',NULL,NULL,'EXCEL_IMPORT',NULL,NULL,NULL,0,NULL,NULL),(639,'杨小维','13100720118','BACKEND',1,'2026-05-16 03:46:00','2026-05-16 03:46:00',NULL,NULL,0,'FORMAL','2026-05-05 16:00:00','2026-05-05 16:00:00',NULL,NULL,'EXCEL_IMPORT',NULL,NULL,NULL,0,NULL,NULL),(640,'陈科宇','18372547707','BACKEND',1,'2026-05-16 03:46:00','2026-05-16 03:46:00',NULL,NULL,0,'FORMAL','2026-05-05 16:00:00','2026-05-05 16:00:00',NULL,NULL,'EXCEL_IMPORT',NULL,NULL,NULL,0,NULL,NULL),(641,'七友','13872258310','BACKEND',1,'2026-05-16 03:46:00','2026-05-16 03:46:00',NULL,NULL,0,'FORMAL','2026-05-05 16:00:00','2026-05-05 16:00:00',NULL,NULL,'EXCEL_IMPORT',NULL,NULL,NULL,0,NULL,NULL),(642,'黄显惠','15071141182','BACKEND',1,'2026-05-16 03:46:00','2026-05-16 03:46:00',NULL,NULL,0,'FORMAL','2026-05-05 16:00:00','2026-05-05 16:00:00',NULL,NULL,'EXCEL_IMPORT',NULL,NULL,NULL,0,NULL,NULL),(643,'冯先生','15527456700','BACKEND',1,'2026-05-16 03:46:00','2026-05-16 03:46:00',NULL,NULL,0,'FORMAL','2026-05-05 16:00:00','2026-05-05 16:00:00',NULL,NULL,'EXCEL_IMPORT',NULL,NULL,NULL,0,NULL,NULL),(644,'杨桃','17607274357','BACKEND',1,'2026-05-16 03:46:00','2026-05-16 03:46:00',NULL,NULL,0,'FORMAL','2026-05-06 16:00:00','2026-05-06 16:00:00',NULL,NULL,'EXCEL_IMPORT',NULL,NULL,NULL,0,NULL,NULL),(645,'小鱼','15629060052','BACKEND',1,'2026-05-16 03:46:00','2026-05-16 03:46:00',NULL,NULL,0,'FORMAL','2026-05-06 16:00:00','2026-05-06 16:00:00',NULL,NULL,'EXCEL_IMPORT',NULL,NULL,NULL,0,NULL,NULL),(646,'孟滕','13217188071','BACKEND',1,'2026-05-16 03:46:00','2026-05-16 03:46:00',NULL,NULL,0,'FORMAL','2026-05-05 16:00:00','2026-05-05 16:00:00',NULL,NULL,'EXCEL_IMPORT',NULL,NULL,NULL,0,NULL,NULL),(647,'刘芊芊','18507142877','BACKEND',1,'2026-05-16 03:46:00','2026-05-16 03:46:00',NULL,NULL,0,'FORMAL','2025-05-05 16:00:00','2025-05-05 16:00:00',NULL,NULL,'EXCEL_IMPORT',NULL,NULL,NULL,0,NULL,NULL),(648,'童格','15927370959','BACKEND',1,'2026-05-16 03:46:00','2026-05-16 03:46:00',NULL,NULL,0,'FORMAL','2026-05-05 16:00:00','2026-05-05 16:00:00',NULL,NULL,'EXCEL_IMPORT',NULL,NULL,NULL,0,NULL,NULL),(649,'陈静','15971367262','BACKEND',1,'2026-05-16 03:46:00','2026-05-16 03:46:00',NULL,NULL,0,'FORMAL','2026-05-05 16:00:00','2026-05-05 16:00:00',NULL,NULL,'EXCEL_IMPORT',NULL,NULL,NULL,0,NULL,NULL),(650,'刘思函','18152083858','BACKEND',1,'2026-05-16 03:46:00','2026-05-16 03:46:00',NULL,NULL,0,'FORMAL','2026-05-05 16:00:00','2026-05-05 16:00:00',NULL,NULL,'EXCEL_IMPORT',NULL,NULL,NULL,0,NULL,NULL),(651,'杨梦','15907264317','BACKEND',1,'2026-05-16 03:46:00','2026-05-16 03:46:00',NULL,NULL,0,'FORMAL','2026-05-05 16:00:00','2026-05-05 16:00:00',NULL,NULL,'EXCEL_IMPORT',NULL,NULL,NULL,0,NULL,NULL),(652,'李诗妍','18607911134','BACKEND',1,'2026-05-16 03:46:00','2026-05-16 03:46:00',NULL,NULL,0,'FORMAL','2026-05-05 16:00:00','2026-05-05 16:00:00',NULL,NULL,'EXCEL_IMPORT',NULL,NULL,NULL,0,NULL,NULL),(653,'高乾豪','16639228052','BACKEND',1,'2026-05-16 03:46:00','2026-05-16 03:46:00',NULL,NULL,0,'FORMAL','2026-05-05 16:00:00','2026-05-05 16:00:00',NULL,NULL,'EXCEL_IMPORT',NULL,NULL,NULL,0,NULL,NULL),(654,'詹笠','13163336121','BACKEND',1,'2026-05-16 03:46:00','2026-05-16 03:46:00',NULL,NULL,0,'FORMAL','2026-05-05 16:00:00','2026-05-05 16:00:00',NULL,NULL,'EXCEL_IMPORT',NULL,NULL,NULL,0,NULL,NULL),(655,'蔡菜','17388993316','BACKEND',1,'2026-05-16 03:46:00','2026-05-16 03:46:00',NULL,NULL,0,'FORMAL','2026-05-05 16:00:00','2026-05-05 16:00:00',NULL,NULL,'EXCEL_IMPORT',NULL,NULL,NULL,0,NULL,NULL),(656,'吴昕怡','13991988625','BACKEND',1,'2026-05-16 03:46:00','2026-05-16 03:46:00',NULL,NULL,0,'FORMAL','2026-05-05 16:00:00','2026-05-05 16:00:00',NULL,NULL,'EXCEL_IMPORT',NULL,NULL,NULL,0,NULL,NULL),(657,'陈雪颖','17707257858','BACKEND',1,'2026-05-16 03:46:00','2026-05-16 03:46:00',NULL,NULL,0,'FORMAL','2026-05-05 16:00:00','2026-05-05 16:00:00',NULL,NULL,'EXCEL_IMPORT',NULL,NULL,NULL,0,NULL,NULL),(658,'王芷婷','15671579689','BACKEND',1,'2026-05-16 03:46:00','2026-05-16 03:46:00',NULL,NULL,0,'FORMAL','2026-05-05 16:00:00','2026-05-05 16:00:00',NULL,NULL,'EXCEL_IMPORT',NULL,NULL,NULL,0,NULL,NULL),(659,'亦一','15527389052','BACKEND',1,'2026-05-16 03:46:00','2026-05-16 03:46:00',NULL,NULL,0,'FORMAL','2026-05-05 16:00:00','2026-05-05 16:00:00',NULL,NULL,'EXCEL_IMPORT',NULL,NULL,NULL,0,NULL,NULL),(660,'杨婉婷','17362926480','BACKEND',1,'2026-05-16 03:46:00','2026-05-16 03:46:00',NULL,NULL,0,'FORMAL','2026-05-05 16:00:00','2026-05-05 16:00:00',NULL,NULL,'EXCEL_IMPORT',NULL,NULL,NULL,0,NULL,NULL),(661,'夏帆','15527545923','BACKEND',1,'2026-05-16 03:46:00','2026-05-16 03:46:00',NULL,NULL,0,'FORMAL','2026-05-05 16:00:00','2026-05-05 16:00:00',NULL,NULL,'EXCEL_IMPORT',NULL,NULL,NULL,0,NULL,NULL),(662,'何贝贝','13658102152','BACKEND',1,'2026-05-16 03:46:00','2026-05-16 03:46:00',NULL,NULL,0,'FORMAL','2026-05-05 16:00:00','2026-05-05 16:00:00',NULL,NULL,'EXCEL_IMPORT',NULL,NULL,NULL,0,NULL,NULL),(663,'熊子卉','18684809514','BACKEND',1,'2026-05-16 03:46:00','2026-05-16 03:46:00',NULL,NULL,0,'FORMAL','2026-05-05 16:00:00','2026-05-05 16:00:00',NULL,NULL,'EXCEL_IMPORT',NULL,NULL,NULL,0,NULL,NULL),(664,'Tulip','17764217595','BACKEND',1,'2026-05-16 03:46:00','2026-05-16 03:46:00',NULL,NULL,0,'FORMAL','2026-05-05 16:00:00','2026-05-05 16:00:00',NULL,NULL,'EXCEL_IMPORT',NULL,NULL,NULL,0,NULL,NULL),(665,'陈惠娜','15595907669','BACKEND',1,'2026-05-16 03:46:00','2026-05-16 03:46:00',NULL,NULL,0,'FORMAL','2026-05-05 16:00:00','2026-05-05 16:00:00',NULL,NULL,'EXCEL_IMPORT',NULL,NULL,NULL,0,NULL,NULL),(666,'易芷渲','13349746306','BACKEND',1,'2026-05-16 03:46:00','2026-05-16 03:46:00',NULL,NULL,0,'FORMAL','2026-05-05 16:00:00','2026-05-05 16:00:00',NULL,NULL,'EXCEL_IMPORT',NULL,NULL,NULL,0,NULL,NULL),(667,'来回','19724039686','BACKEND',1,'2026-05-16 03:46:00','2026-05-16 03:46:00',NULL,NULL,0,'FORMAL','2026-05-05 16:00:00','2026-05-05 16:00:00',NULL,NULL,'EXCEL_IMPORT',NULL,NULL,NULL,0,NULL,NULL),(668,'马先生','13667130144','BACKEND',1,'2026-05-16 03:46:00','2026-05-16 03:46:00',NULL,NULL,0,'FORMAL','2026-05-06 16:00:00','2026-05-06 16:00:00',NULL,NULL,'EXCEL_IMPORT',NULL,NULL,NULL,0,NULL,NULL),(669,'伍方宁','18565455029','BACKEND',1,'2026-05-16 03:46:00','2026-05-16 03:46:00',NULL,NULL,0,'FORMAL','2026-05-05 16:00:00','2026-05-05 16:00:00',NULL,NULL,'EXCEL_IMPORT',NULL,NULL,NULL,0,NULL,NULL),(670,'李kk','15527787827','BACKEND',1,'2026-05-16 03:46:00','2026-05-16 03:46:00',NULL,NULL,0,'FORMAL','2026-05-09 16:00:00','2026-05-09 16:00:00',NULL,NULL,'EXCEL_IMPORT',NULL,NULL,NULL,0,NULL,NULL),(671,'小苏','17882699480','BACKEND',1,'2026-05-16 03:46:00','2026-05-16 03:46:00',NULL,NULL,0,'FORMAL','2026-06-05 16:00:00','2026-06-05 16:00:00',NULL,NULL,'EXCEL_IMPORT',NULL,NULL,NULL,0,NULL,NULL),(672,'郭雅琪','13797191061','BACKEND',1,'2026-05-16 03:46:00','2026-05-16 03:46:00',NULL,NULL,0,'FORMAL','2026-04-09 16:00:00','2026-04-09 16:00:00',NULL,NULL,'EXCEL_IMPORT',NULL,NULL,NULL,0,NULL,NULL),(673,'荣佳慧','17671001501','BACKEND',1,'2026-05-16 03:46:00','2026-05-16 03:46:00',NULL,NULL,0,'FORMAL',NULL,NULL,NULL,NULL,'EXCEL_IMPORT',NULL,NULL,NULL,0,NULL,NULL),(674,'袁芳','15071196973','BACKEND',1,'2026-05-16 03:46:00','2026-05-16 03:46:00',NULL,NULL,0,'FORMAL',NULL,NULL,NULL,NULL,'EXCEL_IMPORT',NULL,NULL,NULL,0,NULL,NULL),(675,'吴爽','13409835871','BACKEND',1,'2026-05-16 03:46:00','2026-05-16 03:46:00',NULL,NULL,0,'FORMAL',NULL,NULL,NULL,NULL,'EXCEL_IMPORT',NULL,NULL,NULL,0,NULL,NULL),(676,'曾麟凯','13720158501','BACKEND',1,'2026-05-16 03:46:00','2026-05-16 03:46:00',NULL,NULL,0,'FORMAL','2026-05-06 16:00:00','2026-05-06 16:00:00',NULL,NULL,'EXCEL_IMPORT',NULL,NULL,NULL,0,NULL,NULL),(677,'荣荣','15871443272','BACKEND',1,'2026-05-16 03:46:00','2026-05-16 03:46:00',NULL,NULL,0,'FORMAL','2026-05-06 16:00:00','2026-05-06 16:00:00',NULL,NULL,'EXCEL_IMPORT',NULL,NULL,NULL,0,NULL,NULL),(678,'龟龟','18086218511','BACKEND',1,'2026-05-16 03:46:00','2026-05-16 03:46:00',NULL,NULL,0,'FORMAL','2026-05-06 16:00:00','2026-05-06 16:00:00',NULL,NULL,'EXCEL_IMPORT',NULL,NULL,NULL,0,NULL,NULL),(679,'徐韦玲','18986581684','BACKEND',1,'2026-05-16 03:46:00','2026-05-16 03:46:00',NULL,NULL,0,'FORMAL','2026-05-06 16:00:00','2026-05-06 16:00:00',NULL,NULL,'EXCEL_IMPORT',NULL,NULL,NULL,0,NULL,NULL),(680,'刘洪希','15922520220','BACKEND',1,'2026-05-16 03:46:00','2026-05-16 03:46:00',NULL,NULL,0,'FORMAL','2026-05-07 16:00:00','2026-05-07 16:00:00',NULL,NULL,'EXCEL_IMPORT',NULL,NULL,NULL,0,NULL,NULL),(681,'李思','17683755142','BACKEND',1,'2026-05-16 03:46:00','2026-05-16 03:46:00',NULL,NULL,0,'FORMAL','2026-05-07 16:00:00','2026-05-07 16:00:00',NULL,NULL,'EXCEL_IMPORT',NULL,NULL,NULL,0,NULL,NULL),(682,'李若楠','19146945539','BACKEND',1,'2026-05-16 03:46:00','2026-05-16 03:46:00',NULL,NULL,0,'FORMAL','2026-05-08 16:00:00','2026-05-08 16:00:00',NULL,NULL,'EXCEL_IMPORT',NULL,NULL,NULL,0,NULL,NULL),(683,'覃丽妹','18176718486','BACKEND',1,'2026-05-16 03:46:00','2026-05-16 03:46:00',NULL,NULL,0,'FORMAL','2026-05-07 16:00:00','2026-05-07 16:00:00',NULL,NULL,'EXCEL_IMPORT',NULL,NULL,NULL,0,NULL,NULL),(684,'冯梓毅','18802488227','BACKEND',1,'2026-05-16 03:46:00','2026-05-16 03:46:00',NULL,NULL,0,'FORMAL','2026-05-07 16:00:00','2026-05-07 16:00:00',NULL,NULL,'EXCEL_IMPORT',NULL,NULL,NULL,0,NULL,NULL),(685,'马冬','18064028397','BACKEND',1,'2026-05-16 03:46:00','2026-05-16 03:46:00',NULL,NULL,0,'FORMAL','2026-05-08 16:00:00','2026-05-08 16:00:00',NULL,NULL,'EXCEL_IMPORT',NULL,NULL,NULL,0,NULL,NULL),(686,'马璇','17871633638','BACKEND',1,'2026-05-16 03:46:00','2026-05-16 03:46:00',NULL,NULL,0,'FORMAL','2026-05-08 16:00:00','2026-05-08 16:00:00',NULL,NULL,'EXCEL_IMPORT',NULL,NULL,NULL,0,NULL,NULL),(687,'李明','15294912000','BACKEND',1,'2026-05-16 03:46:00','2026-05-16 03:46:00',NULL,NULL,0,'FORMAL','2026-05-08 16:00:00','2026-05-08 16:00:00',NULL,NULL,'EXCEL_IMPORT',NULL,NULL,NULL,0,NULL,NULL),(688,'阿倪','15671380829','BACKEND',1,'2026-05-16 03:46:00','2026-05-16 03:46:00',NULL,NULL,0,'FORMAL','2026-05-08 16:00:00','2026-05-08 16:00:00',NULL,NULL,'EXCEL_IMPORT',NULL,NULL,NULL,0,NULL,NULL),(689,'周舒','13554440462','BACKEND',1,'2026-05-16 03:46:00','2026-05-16 03:46:00',NULL,NULL,0,'FORMAL','2026-05-08 16:00:00','2026-05-08 16:00:00',NULL,NULL,'EXCEL_IMPORT',NULL,NULL,NULL,0,NULL,NULL),(690,'魏君翰','15572505732','BACKEND',1,'2026-05-16 03:46:00','2026-05-16 03:46:00',NULL,NULL,0,'FORMAL','2026-05-08 16:00:00','2026-05-08 16:00:00',NULL,NULL,'EXCEL_IMPORT',NULL,NULL,NULL,0,NULL,NULL),(691,'李青青','18271436120','BACKEND',1,'2026-05-16 03:46:00','2026-05-16 03:46:00',NULL,NULL,0,'FORMAL','2026-05-08 16:00:00','2026-05-08 16:00:00',NULL,NULL,'EXCEL_IMPORT',NULL,NULL,NULL,0,NULL,NULL),(692,'刘香怡','13098823880','BACKEND',1,'2026-05-16 03:46:00','2026-05-16 03:46:00',NULL,NULL,0,'FORMAL','2026-05-07 16:00:00','2026-05-07 16:00:00',NULL,NULL,'EXCEL_IMPORT',NULL,NULL,NULL,0,NULL,NULL),(693,'芋头','15377052278','BACKEND',1,'2026-05-16 03:46:00','2026-05-16 03:46:00',NULL,NULL,0,'FORMAL','2026-05-07 16:00:00','2026-05-07 16:00:00',NULL,NULL,'EXCEL_IMPORT',NULL,NULL,NULL,0,NULL,NULL),(694,'王湘','18627076265','BACKEND',1,'2026-05-16 03:46:00','2026-05-16 03:46:00',NULL,NULL,0,'FORMAL','2026-06-05 16:00:00','2026-06-05 16:00:00',NULL,NULL,'EXCEL_IMPORT',NULL,NULL,NULL,0,NULL,NULL),(695,'邹白白','17370049980','BACKEND',1,'2026-05-16 03:46:00','2026-05-16 03:46:00',NULL,NULL,0,'FORMAL','2026-05-11 16:00:00','2026-05-11 16:00:00',NULL,NULL,'EXCEL_IMPORT',NULL,NULL,NULL,0,NULL,NULL),(696,'何蝶','15671671823','BACKEND',1,'2026-05-16 03:46:00','2026-05-16 03:46:00',NULL,NULL,0,'FORMAL','2026-05-11 16:00:00','2026-05-11 16:00:00',NULL,NULL,'EXCEL_IMPORT',NULL,NULL,NULL,0,NULL,NULL),(697,'唐心','13213008453','BACKEND',1,'2026-05-16 03:46:00','2026-05-16 03:46:00',NULL,NULL,0,'FORMAL','2026-05-13 16:00:00','2026-05-13 16:00:00',NULL,NULL,'EXCEL_IMPORT',NULL,NULL,NULL,0,NULL,NULL),(698,'周小','18775985275','BACKEND',1,'2026-05-16 03:46:00','2026-05-16 03:46:00',NULL,NULL,0,'FORMAL','2026-05-10 16:00:00','2026-05-10 16:00:00',NULL,NULL,'EXCEL_IMPORT',NULL,NULL,NULL,0,NULL,NULL),(699,'龙坤宇','15527920293','BACKEND',1,'2026-05-16 03:46:00','2026-05-16 03:46:00',NULL,NULL,0,'FORMAL','2026-05-10 16:00:00','2026-05-10 16:00:00',NULL,NULL,'EXCEL_IMPORT',NULL,NULL,NULL,0,NULL,NULL),(700,'余林潮','18098934654','BACKEND',1,'2026-05-16 03:46:00','2026-05-16 03:46:00',NULL,NULL,0,'FORMAL','2026-05-10 16:00:00','2026-05-10 16:00:00',NULL,NULL,'EXCEL_IMPORT',NULL,NULL,NULL,0,NULL,NULL),(701,'杨渝','19972656730','BACKEND',1,'2026-05-16 03:46:00','2026-05-16 03:46:00',NULL,NULL,0,'FORMAL','2026-05-10 16:00:00','2026-05-10 16:00:00',NULL,NULL,'EXCEL_IMPORT',NULL,NULL,NULL,0,NULL,NULL),(702,'绝望的麻薯','15729117662','BACKEND',1,'2026-05-16 03:46:00','2026-05-16 03:46:00',NULL,NULL,0,'FORMAL','2026-05-10 16:00:00','2026-05-10 16:00:00',NULL,NULL,'EXCEL_IMPORT',NULL,NULL,NULL,0,NULL,NULL),(703,'雷晓蓉','15927446634','BACKEND',1,'2026-05-16 03:46:00','2026-05-16 03:46:00',NULL,NULL,0,'FORMAL','2026-05-10 16:00:00','2026-05-10 16:00:00',NULL,NULL,'EXCEL_IMPORT',NULL,NULL,NULL,0,NULL,NULL),(704,'兔子','18327153470','BACKEND',1,'2026-05-16 03:46:00','2026-05-16 03:46:00',NULL,NULL,0,'FORMAL','2026-05-10 16:00:00','2026-05-10 16:00:00',NULL,NULL,'EXCEL_IMPORT',NULL,NULL,NULL,0,NULL,NULL),(705,'王杰希','17671254927','BACKEND',1,'2026-05-16 03:46:00','2026-05-16 03:46:00',NULL,NULL,0,'FORMAL','2026-05-08 16:00:00','2026-05-08 16:00:00',NULL,NULL,'EXCEL_IMPORT',NULL,NULL,NULL,0,NULL,NULL),(706,'张琪','15072045813','BACKEND',1,'2026-05-16 03:46:00','2026-05-16 03:46:00',NULL,NULL,0,'FORMAL','2026-05-14 16:00:00','2026-05-14 16:00:00',NULL,NULL,'EXCEL_IMPORT',NULL,NULL,NULL,0,NULL,NULL),(707,'田幸子','18907260834','BACKEND',1,'2026-05-16 03:46:00','2026-05-16 03:46:00',NULL,NULL,0,'FORMAL','2026-05-11 16:00:00','2026-05-11 16:00:00',NULL,NULL,'EXCEL_IMPORT',NULL,NULL,NULL,0,NULL,NULL),(708,'周心宇','15568430095','BACKEND',1,'2026-05-16 03:46:00','2026-05-16 03:46:00',NULL,NULL,0,'FORMAL','2026-05-10 16:00:00','2026-05-10 16:00:00',NULL,NULL,'EXCEL_IMPORT',NULL,NULL,NULL,0,NULL,NULL),(709,'段天意','15709143992','BACKEND',1,'2026-05-16 03:46:00','2026-05-16 03:46:00',NULL,NULL,0,'FORMAL','2026-05-10 16:00:00','2026-05-10 16:00:00',NULL,NULL,'EXCEL_IMPORT',NULL,NULL,NULL,0,NULL,NULL),(710,'盛致瑞','18347305951','BACKEND',1,'2026-05-16 03:46:00','2026-05-16 03:46:00',NULL,NULL,0,'FORMAL','2026-05-10 16:00:00','2026-05-10 16:00:00',NULL,NULL,'EXCEL_IMPORT',NULL,NULL,NULL,0,NULL,NULL),(711,'段骏宇','13336049465','BACKEND',1,'2026-05-16 03:46:00','2026-05-16 03:46:00',NULL,NULL,0,'FORMAL','2026-05-10 16:00:00','2026-05-10 16:00:00',NULL,NULL,'EXCEL_IMPORT',NULL,NULL,NULL,0,NULL,NULL),(712,'徐筱婷','13227508916','BACKEND',1,'2026-05-16 03:46:00','2026-05-16 03:46:00',NULL,NULL,0,'FORMAL','2026-05-11 16:00:00','2026-05-11 16:00:00',NULL,NULL,'EXCEL_IMPORT',NULL,NULL,NULL,0,NULL,NULL),(713,'艺帆','15007194448','BACKEND',1,'2026-05-16 03:46:00','2026-05-16 03:46:00',NULL,NULL,0,'FORMAL','2026-05-11 16:00:00','2026-05-11 16:00:00',NULL,NULL,'EXCEL_IMPORT',NULL,NULL,NULL,0,NULL,NULL),(714,'小王','18995608184','BACKEND',1,'2026-05-16 03:46:00','2026-05-16 03:46:00',NULL,NULL,0,'FORMAL','2026-05-11 16:00:00','2026-05-11 16:00:00',NULL,NULL,'EXCEL_IMPORT',NULL,NULL,NULL,0,NULL,NULL),(715,'杨子琦','18371337771','BACKEND',1,'2026-05-16 03:46:00','2026-05-16 03:46:00',NULL,NULL,0,'FORMAL','2026-05-11 16:00:00','2026-05-11 16:00:00',NULL,NULL,'EXCEL_IMPORT',NULL,NULL,NULL,0,NULL,NULL),(716,'吴迪','19883299660','BACKEND',1,'2026-05-16 03:46:00','2026-05-16 03:46:00',NULL,NULL,0,'FORMAL','2026-05-11 16:00:00','2026-05-11 16:00:00',NULL,NULL,'EXCEL_IMPORT',NULL,NULL,NULL,0,NULL,NULL),(717,'高安旭','13407232025','BACKEND',1,'2026-05-16 03:46:00','2026-05-16 03:46:00',NULL,NULL,0,'FORMAL','2026-05-11 16:00:00','2026-05-11 16:00:00',NULL,NULL,'EXCEL_IMPORT',NULL,NULL,NULL,0,NULL,NULL),(718,'杨杨','13396069836','BACKEND',1,'2026-05-16 03:46:00','2026-05-16 03:46:00',NULL,NULL,0,'FORMAL','2026-05-11 16:00:00','2026-05-11 16:00:00',NULL,NULL,'EXCEL_IMPORT',NULL,NULL,NULL,0,NULL,NULL),(719,'陈晓雯','13873672119','BACKEND',1,'2026-05-16 03:46:00','2026-05-16 03:46:00',NULL,NULL,0,'FORMAL','2026-05-11 16:00:00','2026-05-11 16:00:00',NULL,NULL,'EXCEL_IMPORT',NULL,NULL,NULL,0,NULL,NULL),(720,'赵娇','17671264310','BACKEND',1,'2026-05-16 03:46:00','2026-05-16 03:46:00',NULL,NULL,0,'FORMAL','2026-05-11 16:00:00','2026-05-11 16:00:00',NULL,NULL,'EXCEL_IMPORT',NULL,NULL,NULL,0,NULL,NULL),(721,'韦柯如','18677918526','BACKEND',1,'2026-05-16 03:46:00','2026-05-16 03:46:00',NULL,NULL,0,'FORMAL','2026-05-11 16:00:00','2026-05-11 16:00:00',NULL,NULL,'EXCEL_IMPORT',NULL,NULL,NULL,0,NULL,NULL),(722,'李雨童','15753451168','BACKEND',1,'2026-05-16 03:46:00','2026-05-16 03:46:00',NULL,NULL,0,'FORMAL','2026-05-11 16:00:00','2026-05-11 16:00:00',NULL,NULL,'EXCEL_IMPORT',NULL,NULL,NULL,0,NULL,NULL),(723,'猪猪','15549362879','BACKEND',1,'2026-05-16 03:46:00','2026-05-16 03:46:00',NULL,NULL,0,'FORMAL','2026-05-11 16:00:00','2026-05-11 16:00:00',NULL,NULL,'EXCEL_IMPORT',NULL,NULL,NULL,0,NULL,NULL),(724,'杨思远','15337276022','BACKEND',1,'2026-05-16 03:46:00','2026-05-16 03:46:00',NULL,NULL,0,'FORMAL','2026-05-11 16:00:00','2026-05-11 16:00:00',NULL,NULL,'EXCEL_IMPORT',NULL,NULL,NULL,0,NULL,NULL),(725,'谢周欣悦','19107238058','BACKEND',1,'2026-05-16 03:46:00','2026-05-16 03:46:00',NULL,NULL,0,'FORMAL','2026-05-11 16:00:00','2026-05-11 16:00:00',NULL,NULL,'EXCEL_IMPORT',NULL,NULL,NULL,0,NULL,NULL),(726,'程瑶','13733437131','BACKEND',1,'2026-05-16 03:46:00','2026-05-16 03:46:00',NULL,NULL,0,'FORMAL','2026-05-11 16:00:00','2026-05-11 16:00:00',NULL,NULL,'EXCEL_IMPORT',NULL,NULL,NULL,0,NULL,NULL),(727,'江淮','18672556118','BACKEND',1,'2026-05-16 03:46:00','2026-05-16 03:46:00',NULL,NULL,0,'FORMAL','2026-05-11 16:00:00','2026-05-11 16:00:00',NULL,NULL,'EXCEL_IMPORT',NULL,NULL,NULL,0,NULL,NULL),(728,'蕾蕾','13733012778','BACKEND',1,'2026-05-16 03:46:00','2026-05-16 03:46:00',NULL,NULL,0,'FORMAL','2026-05-11 16:00:00','2026-05-11 16:00:00',NULL,NULL,'EXCEL_IMPORT',NULL,NULL,NULL,0,NULL,NULL),(729,'袁嘻嘻','17786447326','BACKEND',1,'2026-05-16 03:46:00','2026-05-16 03:46:00',NULL,NULL,0,'FORMAL','2026-05-17 16:00:00','2026-05-17 16:00:00',NULL,NULL,'EXCEL_IMPORT',NULL,NULL,NULL,0,NULL,NULL),(730,'胡蝶','15827345613','BACKEND',1,'2026-05-16 03:46:00','2026-05-16 03:46:00',NULL,NULL,0,'FORMAL','2026-05-12 16:00:00','2026-05-12 16:00:00',NULL,NULL,'EXCEL_IMPORT',NULL,NULL,NULL,0,NULL,NULL),(731,'小敏','18790398156','BACKEND',1,'2026-05-16 03:46:00','2026-05-16 03:46:00',NULL,NULL,0,'FORMAL','2026-05-11 16:00:00','2026-05-11 16:00:00',NULL,NULL,'EXCEL_IMPORT',NULL,NULL,NULL,0,NULL,NULL),(732,'孔繁瑞','18235629259','BACKEND',1,'2026-05-16 03:46:00','2026-05-16 03:46:00',NULL,NULL,0,'FORMAL','2026-05-15 16:00:00','2026-05-15 16:00:00',NULL,NULL,'EXCEL_IMPORT',NULL,NULL,NULL,0,NULL,NULL),(733,'邓晔','13886124121','BACKEND',1,'2026-05-16 03:46:00','2026-05-16 03:46:00',NULL,NULL,0,'FORMAL','2026-05-12 16:00:00','2026-05-12 16:00:00',NULL,NULL,'EXCEL_IMPORT',NULL,NULL,NULL,0,NULL,NULL),(734,'谢婷婷','18171042217','BACKEND',1,'2026-05-16 03:46:00','2026-05-16 03:46:00',NULL,NULL,0,'FORMAL','2026-05-12 16:00:00','2026-05-12 16:00:00',NULL,NULL,'EXCEL_IMPORT',NULL,NULL,NULL,0,NULL,NULL),(735,'赵文君','13117055201','BACKEND',1,'2026-05-16 03:46:00','2026-05-16 03:46:00',NULL,NULL,0,'FORMAL','2026-05-12 16:00:00','2026-05-12 16:00:00',NULL,NULL,'EXCEL_IMPORT',NULL,NULL,NULL,0,NULL,NULL),(736,'罐头','18007111197','BACKEND',1,'2026-05-16 03:46:00','2026-05-16 03:46:00',NULL,NULL,0,'FORMAL','2026-05-17 16:00:00','2026-05-17 16:00:00',NULL,NULL,'EXCEL_IMPORT',NULL,NULL,NULL,0,NULL,NULL),(737,'林温柔','15896341475','BACKEND',1,'2026-05-16 03:46:00','2026-05-16 03:46:00',NULL,NULL,0,'FORMAL','2026-05-14 16:00:00','2026-05-14 16:00:00',NULL,NULL,'EXCEL_IMPORT',NULL,NULL,NULL,0,NULL,NULL),(738,'李宁','15106712689','BACKEND',1,'2026-05-16 03:46:00','2026-05-16 03:46:00',NULL,NULL,0,'FORMAL','2026-05-12 16:00:00','2026-05-12 16:00:00',NULL,NULL,'EXCEL_IMPORT',NULL,NULL,NULL,0,NULL,NULL),(739,'陈聪','13979402794','BACKEND',1,'2026-05-16 03:46:00','2026-05-16 03:46:00',NULL,NULL,0,'FORMAL','2026-05-12 16:00:00','2026-05-12 16:00:00',NULL,NULL,'EXCEL_IMPORT',NULL,NULL,NULL,0,NULL,NULL),(740,'李怡','13117117300','BACKEND',1,'2026-05-16 03:46:00','2026-05-16 03:46:00',NULL,NULL,0,'FORMAL','2026-05-12 16:00:00','2026-05-12 16:00:00',NULL,NULL,'EXCEL_IMPORT',NULL,NULL,NULL,0,NULL,NULL),(741,'付一','17386176291','BACKEND',1,'2026-05-16 03:46:00','2026-05-16 03:46:00',NULL,NULL,0,'FORMAL','2026-05-12 16:00:00','2026-05-12 16:00:00',NULL,NULL,'EXCEL_IMPORT',NULL,NULL,NULL,0,NULL,NULL),(742,'余璐','13545962105','BACKEND',1,'2026-05-16 03:46:00','2026-05-16 03:46:00',NULL,NULL,0,'FORMAL','2026-05-12 16:00:00','2026-05-12 16:00:00',NULL,NULL,'EXCEL_IMPORT',NULL,NULL,NULL,0,NULL,NULL),(743,'曾炳然','18976473563','BACKEND',1,'2026-05-16 03:46:00','2026-05-16 03:46:00',NULL,NULL,0,'FORMAL','2026-05-12 16:00:00','2026-05-12 16:00:00',NULL,NULL,'EXCEL_IMPORT',NULL,NULL,NULL,0,NULL,NULL),(744,'谈栗','13260508102','BACKEND',1,'2026-05-16 03:46:00','2026-05-16 03:46:00',NULL,NULL,0,'FORMAL','2026-05-11 16:00:00','2026-05-11 16:00:00',NULL,NULL,'EXCEL_IMPORT',NULL,NULL,NULL,0,NULL,NULL),(745,'伍小宝','19071182436','BACKEND',1,'2026-05-16 03:46:00','2026-05-16 03:46:00',NULL,NULL,0,'FORMAL','2026-05-17 16:00:00','2026-05-17 16:00:00',NULL,NULL,'EXCEL_IMPORT',NULL,NULL,NULL,0,NULL,NULL),(746,'易思宇','13277229058','BACKEND',1,'2026-05-16 03:46:00','2026-05-16 03:46:00',NULL,NULL,0,'FORMAL','2026-05-13 16:00:00','2026-05-13 16:00:00',NULL,NULL,'EXCEL_IMPORT',NULL,NULL,NULL,0,NULL,NULL),(747,'张颜','13476091185','BACKEND',1,'2026-05-16 03:46:00','2026-05-16 03:46:00',NULL,NULL,0,'FORMAL','2026-05-13 16:00:00','2026-05-13 16:00:00',NULL,NULL,'EXCEL_IMPORT',NULL,NULL,NULL,0,NULL,NULL),(748,'耿先生','15190123426','BACKEND',1,'2026-05-16 03:46:00','2026-05-16 03:46:00',NULL,NULL,0,'FORMAL','2026-05-13 16:00:00','2026-05-13 16:00:00',NULL,NULL,'EXCEL_IMPORT',NULL,NULL,NULL,0,NULL,NULL),(749,'胡景琦','18573031066','BACKEND',1,'2026-05-16 03:46:00','2026-05-16 03:46:00',NULL,NULL,0,'FORMAL','2026-05-14 16:00:00','2026-05-14 16:00:00',NULL,NULL,'EXCEL_IMPORT',NULL,NULL,NULL,0,NULL,NULL),(750,'黄鑫','18427226626','BACKEND',1,'2026-05-16 03:46:00','2026-05-16 03:46:00',NULL,NULL,0,'FORMAL','2026-06-08 16:00:00','2026-06-08 16:00:00',NULL,NULL,'EXCEL_IMPORT',NULL,NULL,NULL,0,NULL,NULL),(751,'刘静','13638641850','BACKEND',1,'2026-05-16 03:46:00','2026-05-16 03:46:00',NULL,NULL,0,'FORMAL','2026-06-08 16:00:00','2026-06-08 16:00:00',NULL,NULL,'EXCEL_IMPORT',NULL,NULL,NULL,0,NULL,NULL),(752,'江城子','18795175238','BACKEND',1,'2026-05-16 03:46:00','2026-05-16 03:46:00',NULL,NULL,0,'FORMAL','2026-05-14 16:00:00','2026-05-14 16:00:00',NULL,NULL,'EXCEL_IMPORT',NULL,NULL,NULL,0,NULL,NULL),(753,'葡萄柚','15623569776','BACKEND',1,'2026-05-16 03:46:00','2026-05-16 03:46:00',NULL,NULL,0,'FORMAL','2026-05-14 16:00:00','2026-05-14 16:00:00',NULL,NULL,'EXCEL_IMPORT',NULL,NULL,NULL,0,NULL,NULL),(754,'江珊','13797008145','BACKEND',1,'2026-05-16 03:46:00','2026-05-16 03:46:00',NULL,NULL,0,'FORMAL','2026-05-14 16:00:00','2026-05-14 16:00:00',NULL,NULL,'EXCEL_IMPORT',NULL,NULL,NULL,0,NULL,NULL),(755,'何倩茹','13296699513','BACKEND',1,'2026-05-16 03:46:00','2026-05-16 03:46:00',NULL,NULL,0,'FORMAL','2026-05-14 16:00:00','2026-05-14 16:00:00',NULL,NULL,'EXCEL_IMPORT',NULL,NULL,NULL,0,NULL,NULL),(756,'辞旧','13027165528','BACKEND',1,'2026-05-16 03:46:00','2026-05-16 03:46:00',NULL,NULL,0,'FORMAL','2026-05-14 16:00:00','2026-05-14 16:00:00',NULL,NULL,'EXCEL_IMPORT',NULL,NULL,NULL,0,NULL,NULL),(757,'文超','15535398255','BACKEND',1,'2026-05-16 03:46:00','2026-05-16 03:46:00',NULL,NULL,0,'FORMAL','2026-05-14 16:00:00','2026-05-14 16:00:00',NULL,NULL,'EXCEL_IMPORT',NULL,NULL,NULL,0,NULL,NULL),(758,'郑晶晶','15976012856','BACKEND',1,'2026-05-16 03:46:00','2026-05-16 03:46:00',NULL,NULL,0,'FORMAL','2026-05-14 16:00:00','2026-05-14 16:00:00',NULL,NULL,'EXCEL_IMPORT',NULL,NULL,NULL,0,NULL,NULL),(759,'徐元媛','13520957986','BACKEND',1,'2026-05-16 03:46:00','2026-05-16 03:46:00',NULL,NULL,0,'FORMAL','2026-05-15 16:00:00','2026-05-15 16:00:00',NULL,NULL,'EXCEL_IMPORT',NULL,NULL,NULL,0,NULL,NULL),(906,'林晓','13600000012','MINIAPP',1,'2026-05-17 04:27:04','2026-05-17 04:27:04','dev_bind_new','session_dev_bind_new',1,'FORMAL','2026-05-17 04:27:04',NULL,NULL,'2026-05-17 04:27:04','MINIAPP_WX_PHONE',NULL,'dev_bind_new','2026-05-17 04:27:04',0,NULL,NULL),(908,'微信用户-0011','13600000011','MINIAPP_DEV',1,'2026-05-17 04:27:04','2026-05-17 04:27:04','dev_code_a','dev_session_dev_code_a',1,'FORMAL',NULL,NULL,NULL,NULL,NULL,NULL,NULL,NULL,0,NULL,NULL),(909,'吴天豪','18171321818','BACKEND',1,'2026-05-24 03:57:41','2026-05-30 12:07:58','dev_0b3mJnFa1GUUNL0xzlIa1PD6yY3mJnFU','session_dev_0b3mJnFa1GUUNL0xzlIa1PD6yY3mJnFU',1,'FORMAL','2026-05-24 03:57:41',NULL,'2026-05-29 04:18:15','2026-05-30 12:07:58','ADMIN',NULL,'dev_0b3mJnFa1GUUNL0xzlIa1PD6yY3mJnFU',NULL,0,NULL,NULL),(912,'吴慧','15356987071','BACKEND',1,'2026-06-11 14:22:58','2026-06-11 14:22:58',NULL,NULL,0,'FORMAL','2026-06-11 14:22:58',NULL,NULL,NULL,'ADMIN',NULL,NULL,NULL,0,NULL,NULL);
/*!40000 ALTER TABLE `customers` ENABLE KEYS */;
UNLOCK TABLES;
DROP TABLE IF EXISTS `daily_orders`;
/*!40101 SET @saved_cs_client     = @@character_set_client */;
/*!50503 SET character_set_client = utf8mb4 */;
CREATE TABLE `daily_orders` (
  `id` bigint NOT NULL AUTO_INCREMENT,
  `customer_id` bigint NOT NULL,
  `serve_date` date NOT NULL,
  `source` varchar(32) COLLATE utf8mb4_unicode_ci NOT NULL,
  `status` varchar(32) COLLATE utf8mb4_unicode_ci NOT NULL,
  `locked` tinyint(1) NOT NULL DEFAULT '0',
  `created_at` timestamp NOT NULL DEFAULT CURRENT_TIMESTAMP,
  PRIMARY KEY (`id`),
  UNIQUE KEY `uk_daily_orders_customer_date` (`customer_id`,`serve_date`)
) ENGINE=InnoDB AUTO_INCREMENT=1286 DEFAULT CHARSET=utf8mb4 COLLATE=utf8mb4_unicode_ci;
/*!40101 SET character_set_client = @saved_cs_client */;

LOCK TABLES `daily_orders` WRITE;
/*!40000 ALTER TABLE `daily_orders` DISABLE KEYS */;
INSERT INTO `daily_orders` VALUES (1097,664,'2026-05-25','MINIAPP','ACTIVE',0,'2026-05-25 04:59:23'),(1098,699,'2026-05-25','MINIAPP','ACTIVE',0,'2026-05-25 04:59:23'),(1100,694,'2026-05-25','MINIAPP','ACTIVE',0,'2026-05-25 04:59:23'),(1102,546,'2026-05-25','MINIAPP','ACTIVE',0,'2026-05-25 04:59:23'),(1103,653,'2026-05-25','MINIAPP','ACTIVE',0,'2026-05-25 04:59:23'),(1104,626,'2026-05-25','MINIAPP','ACTIVE',0,'2026-05-25 04:59:23'),(1106,553,'2026-05-25','MINIAPP','ACTIVE',0,'2026-05-25 04:59:23'),(1107,549,'2026-05-25','MINIAPP','ACTIVE',0,'2026-05-25 04:59:23'),(1108,619,'2026-05-25','MINIAPP','ACTIVE',0,'2026-05-25 04:59:23'),(1109,470,'2026-05-25','MINIAPP','ACTIVE',0,'2026-05-25 04:59:23'),(1110,415,'2026-05-25','MINIAPP','ACTIVE',0,'2026-05-25 04:59:23'),(1111,607,'2026-05-25','MINIAPP','ACTIVE',0,'2026-05-25 04:59:23'),(1112,616,'2026-05-25','MINIAPP','ACTIVE',0,'2026-05-25 04:59:23'),(1113,747,'2026-05-25','MINIAPP','ACTIVE',0,'2026-05-25 04:59:23'),(1114,724,'2026-05-25','MINIAPP','ACTIVE',0,'2026-05-25 04:59:23'),(1116,690,'2026-05-25','MINIAPP','ACTIVE',0,'2026-05-25 04:59:23'),(1117,564,'2026-05-25','MINIAPP','ACTIVE',0,'2026-05-25 04:59:23'),(1118,697,'2026-05-25','MINIAPP','ACTIVE',0,'2026-05-25 04:59:23'),(1119,494,'2026-05-25','MINIAPP','ACTIVE',0,'2026-05-25 04:59:23'),(1121,700,'2026-05-25','MINIAPP','ACTIVE',0,'2026-05-25 04:59:23'),(1122,639,'2026-05-25','MINIAPP','ACTIVE',0,'2026-05-25 04:59:23'),(1123,650,'2026-05-25','MINIAPP','ACTIVE',0,'2026-05-25 04:59:23'),(1124,609,'2026-05-25','MINIAPP','ACTIVE',0,'2026-05-25 04:59:23'),(1125,755,'2026-05-25','MINIAPP','ACTIVE',0,'2026-05-25 04:59:23'),(1126,597,'2026-05-25','MINIAPP','ACTIVE',0,'2026-05-25 04:59:23'),(1128,605,'2026-05-25','MINIAPP','ACTIVE',0,'2026-05-25 04:59:23'),(1130,728,'2026-05-25','MINIAPP','ACTIVE',0,'2026-05-25 04:59:23'),(1131,563,'2026-05-25','MINIAPP','ACTIVE',0,'2026-05-25 04:59:23'),(1132,508,'2026-05-25','MINIAPP','ACTIVE',0,'2026-05-25 04:59:23'),(1133,562,'2026-05-25','MINIAPP','ACTIVE',0,'2026-05-25 04:59:23'),(1135,717,'2026-05-25','MINIAPP','ACTIVE',0,'2026-05-25 04:59:23'),(1137,657,'2026-05-25','MINIAPP','ACTIVE',0,'2026-05-25 04:59:23'),(1139,645,'2026-05-25','MINIAPP','ACTIVE',0,'2026-05-25 04:59:23'),(1141,514,'2026-05-25','MINIAPP','ACTIVE',0,'2026-05-25 04:59:23'),(1143,722,'2026-05-25','MINIAPP','ACTIVE',0,'2026-05-25 04:59:23'),(1144,753,'2026-05-25','MINIAPP','ACTIVE',0,'2026-05-25 04:59:23'),(1145,591,'2026-05-25','MINIAPP','ACTIVE',0,'2026-05-25 04:59:23'),(1147,686,'2026-05-25','MINIAPP','ACTIVE',0,'2026-05-25 04:59:23'),(1148,529,'2026-05-25','MINIAPP','ACTIVE',0,'2026-05-25 04:59:23'),(1151,702,'2026-05-25','MINIAPP','ACTIVE',0,'2026-05-25 04:59:23'),(1152,730,'2026-05-25','MINIAPP','ACTIVE',0,'2026-05-25 04:59:23'),(1154,660,'2026-05-25','MINIAPP','ACTIVE',0,'2026-05-25 04:59:23'),(1156,631,'2026-05-25','MINIAPP','ACTIVE',0,'2026-05-25 04:59:23'),(1157,640,'2026-05-25','MINIAPP','ACTIVE',0,'2026-05-25 04:59:23'),(1158,739,'2026-05-25','MINIAPP','ACTIVE',0,'2026-05-25 04:59:23'),(1159,696,'2026-05-25','MINIAPP','ACTIVE',0,'2026-05-25 04:59:23'),(1160,586,'2026-05-25','MINIAPP','ACTIVE',0,'2026-05-25 04:59:23'),(1162,666,'2026-05-25','MINIAPP','ACTIVE',0,'2026-05-25 04:59:23'),(1163,632,'2026-05-25','MINIAPP','ACTIVE',0,'2026-05-25 04:59:23'),(1165,699,'2026-05-26','SYSTEM_COPY','PENDING_DISPATCH',0,'2026-05-26 01:46:10'),(1167,546,'2026-05-26','SYSTEM_COPY','PENDING_DISPATCH',0,'2026-05-26 01:46:10'),(1168,653,'2026-05-26','SYSTEM_COPY','PENDING_DISPATCH',0,'2026-05-26 01:46:10'),(1169,626,'2026-05-26','SYSTEM_COPY','PENDING_DISPATCH',0,'2026-05-26 01:46:10'),(1170,553,'2026-05-26','SYSTEM_COPY','PENDING_DISPATCH',0,'2026-05-26 01:46:10'),(1171,549,'2026-05-26','SYSTEM_COPY','PENDING_DISPATCH',0,'2026-05-26 01:46:10'),(1172,619,'2026-05-26','SYSTEM_COPY','PENDING_DISPATCH',0,'2026-05-26 01:46:10'),(1173,470,'2026-05-26','SYSTEM_COPY','PENDING_DISPATCH',0,'2026-05-26 01:46:10'),(1174,415,'2026-05-26','SYSTEM_COPY','PENDING_DISPATCH',0,'2026-05-26 01:46:10'),(1175,607,'2026-05-26','SYSTEM_COPY','PENDING_DISPATCH',0,'2026-05-26 01:46:10'),(1176,616,'2026-05-26','SYSTEM_COPY','PENDING_DISPATCH',0,'2026-05-26 01:46:10'),(1177,747,'2026-05-26','SYSTEM_COPY','PENDING_DISPATCH',0,'2026-05-26 01:46:10'),(1178,724,'2026-05-26','SYSTEM_COPY','PENDING_DISPATCH',0,'2026-05-26 01:46:10'),(1179,690,'2026-05-26','SYSTEM_COPY','PENDING_DISPATCH',0,'2026-05-26 01:46:10'),(1180,564,'2026-05-26','SYSTEM_COPY','PENDING_DISPATCH',0,'2026-05-26 01:46:10'),(1181,697,'2026-05-26','SYSTEM_COPY','PENDING_DISPATCH',0,'2026-05-26 01:46:10'),(1182,494,'2026-05-26','SYSTEM_COPY','PENDING_DISPATCH',0,'2026-05-26 01:46:10'),(1183,700,'2026-05-26','SYSTEM_COPY','PENDING_DISPATCH',0,'2026-05-26 01:46:10'),(1184,639,'2026-05-26','SYSTEM_COPY','PENDING_DISPATCH',0,'2026-05-26 01:46:10'),(1185,650,'2026-05-26','SYSTEM_COPY','PENDING_DISPATCH',0,'2026-05-26 01:46:10'),(1186,609,'2026-05-26','SYSTEM_COPY','PENDING_DISPATCH',0,'2026-05-26 01:46:10'),(1187,755,'2026-05-26','SYSTEM_COPY','PENDING_DISPATCH',0,'2026-05-26 01:46:10'),(1188,597,'2026-05-26','SYSTEM_COPY','PENDING_DISPATCH',0,'2026-05-26 01:46:10'),(1189,605,'2026-05-26','SYSTEM_COPY','PENDING_DISPATCH',0,'2026-05-26 01:46:10'),(1190,728,'2026-05-26','SYSTEM_COPY','PENDING_DISPATCH',0,'2026-05-26 01:46:10'),(1191,563,'2026-05-26','SYSTEM_COPY','PENDING_DISPATCH',0,'2026-05-26 01:46:10'),(1192,508,'2026-05-26','SYSTEM_COPY','PENDING_DISPATCH',0,'2026-05-26 01:46:10'),(1193,562,'2026-05-26','SYSTEM_COPY','PENDING_DISPATCH',0,'2026-05-26 01:46:10'),(1194,717,'2026-05-26','SYSTEM_COPY','PENDING_DISPATCH',0,'2026-05-26 01:46:10'),(1195,657,'2026-05-26','SYSTEM_COPY','PENDING_DISPATCH',0,'2026-05-26 01:46:10'),(1196,645,'2026-05-26','SYSTEM_COPY','PENDING_DISPATCH',0,'2026-05-26 01:46:10'),(1197,514,'2026-05-26','SYSTEM_COPY','PENDING_DISPATCH',0,'2026-05-26 01:46:10'),(1198,722,'2026-05-26','SYSTEM_COPY','PENDING_DISPATCH',0,'2026-05-26 01:46:10'),(1199,753,'2026-05-26','SYSTEM_COPY','PENDING_DISPATCH',0,'2026-05-26 01:46:10'),(1200,591,'2026-05-26','SYSTEM_COPY','PENDING_DISPATCH',0,'2026-05-26 01:46:10'),(1201,686,'2026-05-26','SYSTEM_COPY','PENDING_DISPATCH',0,'2026-05-26 01:46:10'),(1202,529,'2026-05-26','SYSTEM_COPY','PENDING_DISPATCH',0,'2026-05-26 01:46:10'),(1203,702,'2026-05-26','SYSTEM_COPY','PENDING_DISPATCH',0,'2026-05-26 01:46:10'),(1204,730,'2026-05-26','SYSTEM_COPY','PENDING_DISPATCH',0,'2026-05-26 01:46:10'),(1205,660,'2026-05-26','SYSTEM_COPY','PENDING_DISPATCH',0,'2026-05-26 01:46:10'),(1206,631,'2026-05-26','SYSTEM_COPY','PENDING_DISPATCH',0,'2026-05-26 01:46:10'),(1207,640,'2026-05-26','SYSTEM_COPY','PENDING_DISPATCH',0,'2026-05-26 01:46:10'),(1208,739,'2026-05-26','SYSTEM_COPY','PENDING_DISPATCH',0,'2026-05-26 01:46:10'),(1209,696,'2026-05-26','SYSTEM_COPY','PENDING_DISPATCH',0,'2026-05-26 01:46:10'),(1210,586,'2026-05-26','SYSTEM_COPY','PENDING_DISPATCH',0,'2026-05-26 01:46:10'),(1211,666,'2026-05-26','SYSTEM_COPY','PENDING_DISPATCH',0,'2026-05-26 01:46:10'),(1212,632,'2026-05-26','SYSTEM_COPY','PENDING_DISPATCH',0,'2026-05-26 01:46:10'),(1227,632,'2026-05-28','SYSTEM_COPY','ACTIVE',0,'2026-05-28 03:31:22'),(1228,666,'2026-05-28','SYSTEM_COPY','ACTIVE',0,'2026-05-28 03:31:22'),(1229,586,'2026-05-28','SYSTEM_COPY','ACTIVE',0,'2026-05-28 03:31:22'),(1230,696,'2026-05-28','SYSTEM_COPY','ACTIVE',0,'2026-05-28 03:31:22'),(1231,739,'2026-05-28','SYSTEM_COPY','ACTIVE',0,'2026-05-28 03:31:22'),(1232,640,'2026-05-28','SYSTEM_COPY','ACTIVE',0,'2026-05-28 03:31:22'),(1233,631,'2026-05-28','SYSTEM_COPY','ACTIVE',0,'2026-05-28 03:31:22'),(1234,660,'2026-05-28','SYSTEM_COPY','ACTIVE',0,'2026-05-28 03:31:22'),(1235,730,'2026-05-28','SYSTEM_COPY','ACTIVE',0,'2026-05-28 03:31:22'),(1236,702,'2026-05-28','SYSTEM_COPY','ACTIVE',0,'2026-05-28 03:31:22'),(1237,529,'2026-05-28','SYSTEM_COPY','ACTIVE',0,'2026-05-28 03:31:22'),(1238,686,'2026-05-28','SYSTEM_COPY','ACTIVE',0,'2026-05-28 03:31:22'),(1239,591,'2026-05-28','SYSTEM_COPY','ACTIVE',0,'2026-05-28 03:31:22'),(1240,753,'2026-05-28','SYSTEM_COPY','ACTIVE',0,'2026-05-28 03:31:22'),(1241,722,'2026-05-28','SYSTEM_COPY','ACTIVE',0,'2026-05-28 03:31:22'),(1242,514,'2026-05-28','SYSTEM_COPY','ACTIVE',0,'2026-05-28 03:31:22'),(1243,645,'2026-05-28','SYSTEM_COPY','ACTIVE',0,'2026-05-28 03:31:22'),(1244,657,'2026-05-28','SYSTEM_COPY','ACTIVE',0,'2026-05-28 03:31:22'),(1245,717,'2026-05-28','SYSTEM_COPY','ACTIVE',0,'2026-05-28 03:31:22'),(1246,562,'2026-05-28','SYSTEM_COPY','ACTIVE',0,'2026-05-28 03:31:22'),(1247,508,'2026-05-28','SYSTEM_COPY','ACTIVE',0,'2026-05-28 03:31:22'),(1248,563,'2026-05-28','SYSTEM_COPY','ACTIVE',0,'2026-05-28 03:31:22'),(1249,728,'2026-05-28','SYSTEM_COPY','ACTIVE',0,'2026-05-28 03:31:22'),(1250,605,'2026-05-28','SYSTEM_COPY','ACTIVE',0,'2026-05-28 03:31:22'),(1251,597,'2026-05-28','SYSTEM_COPY','ACTIVE',0,'2026-05-28 03:31:22'),(1252,755,'2026-05-28','SYSTEM_COPY','ACTIVE',0,'2026-05-28 03:31:22'),(1253,609,'2026-05-28','SYSTEM_COPY','ACTIVE',0,'2026-05-28 03:31:22'),(1254,650,'2026-05-28','SYSTEM_COPY','ACTIVE',0,'2026-05-28 03:31:22'),(1255,639,'2026-05-28','SYSTEM_COPY','ACTIVE',0,'2026-05-28 03:31:22'),(1256,700,'2026-05-28','SYSTEM_COPY','ACTIVE',0,'2026-05-28 03:31:22'),(1257,494,'2026-05-28','SYSTEM_COPY','ACTIVE',0,'2026-05-28 03:31:22'),(1258,697,'2026-05-28','SYSTEM_COPY','ACTIVE',0,'2026-05-28 03:31:22'),(1259,564,'2026-05-28','SYSTEM_COPY','ACTIVE',0,'2026-05-28 03:31:22'),(1260,690,'2026-05-28','SYSTEM_COPY','ACTIVE',0,'2026-05-28 03:31:22'),(1261,724,'2026-05-28','SYSTEM_COPY','ACTIVE',0,'2026-05-28 03:31:22'),(1262,747,'2026-05-28','SYSTEM_COPY','ACTIVE',0,'2026-05-28 03:31:22'),(1263,616,'2026-05-28','SYSTEM_COPY','ACTIVE',0,'2026-05-28 03:31:22'),(1264,607,'2026-05-28','SYSTEM_COPY','ACTIVE',0,'2026-05-28 03:31:22'),(1265,415,'2026-05-28','SYSTEM_COPY','ACTIVE',0,'2026-05-28 03:31:22'),(1266,470,'2026-05-28','SYSTEM_COPY','ACTIVE',0,'2026-05-28 03:31:22'),(1267,619,'2026-05-28','SYSTEM_COPY','ACTIVE',0,'2026-05-28 03:31:22'),(1268,549,'2026-05-28','SYSTEM_COPY','ACTIVE',0,'2026-05-28 03:31:22'),(1269,553,'2026-05-28','SYSTEM_COPY','ACTIVE',0,'2026-05-28 03:31:22'),(1270,626,'2026-05-28','SYSTEM_COPY','ACTIVE',0,'2026-05-28 03:31:22'),(1271,653,'2026-05-28','SYSTEM_COPY','ACTIVE',0,'2026-05-28 03:31:22'),(1272,546,'2026-05-28','SYSTEM_COPY','ACTIVE',0,'2026-05-28 03:31:22'),(1273,699,'2026-05-28','SYSTEM_COPY','ACTIVE',0,'2026-05-28 03:31:22'),(1274,664,'2026-05-28','MINIAPP','ACTIVE',0,'2026-05-28 03:31:22'),(1275,909,'2026-05-29','MINIAPP','PENDING_DISPATCH',0,'2026-05-28 04:57:13'),(1276,909,'2026-05-12','BACKEND','PENDING_DISPATCH',0,'2026-05-10 04:00:00'),(1279,909,'2026-05-28','BACKEND','PENDING_DISPATCH',0,'2026-05-28 16:47:25'),(1280,909,'2026-05-30','MINIAPP','PENDING_DISPATCH',0,'2026-05-29 04:18:15'),(1281,909,'2026-06-11','BACKEND','PENDING_DISPATCH',0,'2026-06-11 07:02:47'),(1282,912,'2026-06-16','BACKEND','PENDING_DISPATCH',0,'2026-06-16 09:48:50'),(1283,909,'2026-06-16','BACKEND','PENDING_DISPATCH',0,'2026-06-16 12:04:22'),(1284,912,'2026-06-18','BACKEND','PENDING_DISPATCH',0,'2026-06-18 01:24:40'),(1285,912,'2026-06-23','BACKEND','PENDING_DISPATCH',0,'2026-06-23 03:56:48');
/*!40000 ALTER TABLE `daily_orders` ENABLE KEYS */;
UNLOCK TABLES;
DROP TABLE IF EXISTS `delivery_exceptions`;
/*!40101 SET @saved_cs_client     = @@character_set_client */;
/*!50503 SET character_set_client = utf8mb4 */;
CREATE TABLE `delivery_exceptions` (
  `id` bigint NOT NULL AUTO_INCREMENT,
  `meal_slot_order_id` bigint NOT NULL COMMENT '订单ID',
  `rider_profile_id` bigint NOT NULL COMMENT '骑手ID',
  `rider_name` varchar(64) NOT NULL COMMENT '骑手姓名',
  `exception_type` varchar(32) NOT NULL COMMENT '异常类型',
  `exception_note` text COMMENT '异常说明',
  `customer_phone` varchar(32) DEFAULT NULL COMMENT '客户电话',
  `delivery_address` varchar(500) DEFAULT NULL COMMENT '配送地址',
  `exception_images` text COMMENT '异常图片(JSON数组)',
  `resolved` tinyint(1) DEFAULT '0' COMMENT '是否已解决',
  `resolved_at` timestamp NULL DEFAULT NULL COMMENT '解决时间',
  `resolved_by` varchar(64) DEFAULT NULL COMMENT '解决人',
  `resolution_note` text COMMENT '解决说明',
  `created_at` timestamp NOT NULL DEFAULT CURRENT_TIMESTAMP,
  PRIMARY KEY (`id`),
  KEY `idx_order` (`meal_slot_order_id`),
  KEY `idx_rider` (`rider_profile_id`),
  KEY `idx_resolved` (`resolved`),
  KEY `idx_created_at` (`created_at`)
) ENGINE=InnoDB DEFAULT CHARSET=utf8mb4 COLLATE=utf8mb4_0900_ai_ci COMMENT='配送异常记录表';
/*!40101 SET character_set_client = @saved_cs_client */;

LOCK TABLES `delivery_exceptions` WRITE;
/*!40000 ALTER TABLE `delivery_exceptions` DISABLE KEYS */;
/*!40000 ALTER TABLE `delivery_exceptions` ENABLE KEYS */;
UNLOCK TABLES;
DROP TABLE IF EXISTS `delivery_receipts`;
/*!40101 SET @saved_cs_client     = @@character_set_client */;
/*!50503 SET character_set_client = utf8mb4 */;
CREATE TABLE `delivery_receipts` (
  `id` bigint NOT NULL AUTO_INCREMENT,
  `meal_slot_order_id` bigint NOT NULL,
  `receipt_url` varchar(255) COLLATE utf8mb4_unicode_ci NOT NULL,
  `receipt_note` varchar(255) COLLATE utf8mb4_unicode_ci DEFAULT NULL,
  `delivered_at` timestamp NOT NULL,
  `visible_at` timestamp NULL DEFAULT NULL,
  `expires_at` timestamp NULL DEFAULT NULL,
  `visible_to_customer` tinyint(1) NOT NULL DEFAULT '0',
  `created_at` timestamp NOT NULL DEFAULT CURRENT_TIMESTAMP,
  `cloud_deleted` tinyint(1) NOT NULL DEFAULT '0',
  PRIMARY KEY (`id`),
  KEY `idx_delivery_receipts_cloud_cleanup` (`delivered_at`,`cloud_deleted`)
) ENGINE=InnoDB AUTO_INCREMENT=909 DEFAULT CHARSET=utf8mb4 COLLATE=utf8mb4_unicode_ci;
/*!40101 SET character_set_client = @saved_cs_client */;

LOCK TABLES `delivery_receipts` WRITE;
/*!40000 ALTER TABLE `delivery_receipts` DISABLE KEYS */;
INSERT INTO `delivery_receipts` VALUES (907,1297,'https://636c-cloud1-4g88w3e2dedee471-1393549709.tcb.qcloud.la/rider-receipts/吴天豪-1780033826316-381.jpg','【美团智能外卖柜】您的订单物品已送至武汉₋大学工⁰学部ⁱ洪波门，格口号：30，取件码：8277，存柜超过12小时将被清理，请及时取件。','2026-05-29 05:53:00','2026-05-29 05:53:00','2026-05-31 05:53:00',0,'2026-05-29 05:50:26',0),(908,1296,'https://cos.example.com/rider-1296.jpg','【美团智能外卖柜】您的订单物品已送至武汉₋大学工⁰学部ⁱ洪波门，格口号：30，取件码：8277，存柜超过12小时将被清理，请及时取件。','2026-05-29 06:10:15','2026-05-29 06:10:15','2026-05-31 06:10:15',0,'2026-05-29 06:03:36',0);
/*!40000 ALTER TABLE `delivery_receipts` ENABLE KEYS */;
UNLOCK TABLES;
DROP TABLE IF EXISTS `dispatch_area_bindings`;
/*!40101 SET @saved_cs_client     = @@character_set_client */;
/*!50503 SET character_set_client = utf8mb4 */;
CREATE TABLE `dispatch_area_bindings` (
  `id` bigint NOT NULL AUTO_INCREMENT,
  `area_code` varchar(64) COLLATE utf8mb4_unicode_ci NOT NULL,
  `default_rider_profile_id` bigint DEFAULT NULL,
  `backup_rider_profile_id` bigint DEFAULT NULL,
  `updated_by` varchar(64) COLLATE utf8mb4_unicode_ci NOT NULL,
  `updated_at` timestamp NOT NULL DEFAULT CURRENT_TIMESTAMP,
  `keywords` varchar(255) COLLATE utf8mb4_unicode_ci DEFAULT NULL,
  PRIMARY KEY (`id`),
  KEY `idx_dispatch_area_bindings_area_code` (`area_code`)
) ENGINE=InnoDB AUTO_INCREMENT=19 DEFAULT CHARSET=utf8mb4 COLLATE=utf8mb4_unicode_ci;
/*!40101 SET character_set_client = @saved_cs_client */;

LOCK TABLES `dispatch_area_bindings` WRITE;
/*!40000 ALTER TABLE `dispatch_area_bindings` DISABLE KEYS */;
INSERT INTO `dispatch_area_bindings` VALUES (11,'光谷',953,NULL,'老板','2026-05-21 01:52:12','光谷'),(12,'南湖',NULL,NULL,'老板','2026-05-20 16:04:27','南湖'),(13,'街道口',NULL,NULL,'管理员','2026-05-21 05:16:09','街道口');
/*!40000 ALTER TABLE `dispatch_area_bindings` ENABLE KEYS */;
UNLOCK TABLES;
DROP TABLE IF EXISTS `dispatch_assignments`;
/*!40101 SET @saved_cs_client     = @@character_set_client */;
/*!50503 SET character_set_client = utf8mb4 */;
CREATE TABLE `dispatch_assignments` (
  `id` bigint NOT NULL AUTO_INCREMENT,
  `meal_slot_order_id` bigint NOT NULL,
  `rider_name` varchar(64) COLLATE utf8mb4_unicode_ci DEFAULT NULL,
  `area_code` varchar(64) COLLATE utf8mb4_unicode_ci NOT NULL,
  `status` varchar(32) COLLATE utf8mb4_unicode_ci NOT NULL,
  `created_at` timestamp NOT NULL DEFAULT CURRENT_TIMESTAMP,
  `rider_profile_id` bigint DEFAULT NULL,
  `sequence_number` int NOT NULL DEFAULT '0',
  PRIMARY KEY (`id`),
  UNIQUE KEY `uk_dispatch_assignments_mso` (`meal_slot_order_id`),
  KEY `fk_dispatch_assignments_rider` (`rider_profile_id`),
  KEY `idx_da_area_sequence` (`area_code`,`sequence_number`),
  CONSTRAINT `fk_dispatch_assignments_rider` FOREIGN KEY (`rider_profile_id`) REFERENCES `rider_profiles` (`id`)
) ENGINE=InnoDB AUTO_INCREMENT=105 DEFAULT CHARSET=utf8mb4 COLLATE=utf8mb4_unicode_ci;
/*!40101 SET character_set_client = @saved_cs_client */;

LOCK TABLES `dispatch_assignments` WRITE;
/*!40000 ALTER TABLE `dispatch_assignments` DISABLE KEYS */;
INSERT INTO `dispatch_assignments` VALUES (5,902,'骑手小李','高新区','DISPATCHING','2026-05-21 05:30:35',NULL,0),(41,1097,NULL,'街道口','AREA_ASSIGNED','2026-05-25 05:02:26',NULL,1),(46,1102,'吴天豪','光谷','DISPATCHING','2026-05-25 05:02:27',953,6),(66,1166,'吴天豪','光谷','DISPATCHING','2026-05-26 02:04:36',953,1),(70,1168,'吴天豪','光谷','DISPATCHING','2026-05-26 02:04:36',953,2),(72,1171,'吴天豪','光谷','DISPATCHING','2026-05-26 02:04:36',953,3),(74,1214,'吴天豪','光谷','DISPATCHING','2026-05-26 02:04:36',953,4),(76,1241,'吴天豪','光谷','DISPATCHING','2026-05-28 03:34:30',953,0),(78,1284,'吴天豪','光谷','DISPATCHING','2026-05-28 03:34:30',953,0),(80,1287,'吴天豪','光谷','DISPATCHING','2026-05-28 03:34:30',953,0),(82,1288,'吴天豪','光谷','DISPATCHING','2026-05-28 03:34:30',953,0),(84,1290,NULL,'街道口','AREA_ASSIGNED','2026-05-28 03:34:30',NULL,1),(86,1297,'吴天豪','光谷','DELIVERED','2026-05-29 05:49:13',953,0),(87,1292,'吴天豪','光谷','DISPATCHING','2026-05-29 05:50:39',953,0),(89,1296,'吴天豪','光谷','DELIVERED','2026-05-29 05:50:39',953,0),(90,1298,'吴天豪','光谷','DISPATCHING','2026-06-11 07:02:51',953,0),(92,1300,'吴天豪','光谷','DISPATCHING','2026-06-16 12:06:14',953,1),(93,1165,'吴天豪','光谷','DISPATCHING','2026-06-18 02:19:35',953,1),(94,1170,'吴天豪','光谷','DISPATCHING','2026-06-18 02:19:35',953,2),(95,1213,'吴天豪','光谷','DISPATCHING','2026-06-18 02:19:35',953,3),(96,1242,'吴天豪','光谷','DISPATCHING','2026-06-18 02:19:35',953,1),(97,1285,'吴天豪','光谷','DISPATCHING','2026-06-18 02:19:35',953,2),(98,1289,'吴天豪','光谷','DISPATCHING','2026-06-18 02:19:35',953,3),(99,1302,'吴天豪','光谷','DISPATCHING','2026-06-18 02:19:47',953,1),(100,1299,'吴天豪','光谷','DISPATCHING','2026-06-18 02:20:31',953,2),(102,1301,'吴天豪','光谷','DISPATCHING','2026-06-18 02:20:31',953,1),(104,1303,'吴天豪','光谷','DISPATCHING','2026-06-23 03:59:29',953,1);
/*!40000 ALTER TABLE `dispatch_assignments` ENABLE KEYS */;
UNLOCK TABLES;
DROP TABLE IF EXISTS `dispatch_batch_items`;
/*!40101 SET @saved_cs_client     = @@character_set_client */;
/*!50503 SET character_set_client = utf8mb4 */;
CREATE TABLE `dispatch_batch_items` (
  `id` bigint NOT NULL AUTO_INCREMENT,
  `batch_id` bigint NOT NULL,
  `meal_slot_order_id` bigint NOT NULL,
  `current_sequence` int NOT NULL,
  `suggested_sequence` int NOT NULL,
  `item_status` varchar(32) COLLATE utf8mb4_unicode_ci NOT NULL DEFAULT 'PENDING',
  `manually_adjusted` tinyint(1) NOT NULL DEFAULT '0',
  `reordered_by` varchar(32) COLLATE utf8mb4_unicode_ci DEFAULT NULL,
  `reordered_at` timestamp NULL DEFAULT NULL,
  PRIMARY KEY (`id`),
  UNIQUE KEY `uk_dispatch_batch_items_order` (`meal_slot_order_id`),
  UNIQUE KEY `uk_dispatch_batch_items_batch_sequence` (`batch_id`,`current_sequence`)
) ENGINE=InnoDB AUTO_INCREMENT=977 DEFAULT CHARSET=utf8mb4 COLLATE=utf8mb4_unicode_ci;
/*!40101 SET character_set_client = @saved_cs_client */;

LOCK TABLES `dispatch_batch_items` WRITE;
/*!40000 ALTER TABLE `dispatch_batch_items` DISABLE KEYS */;
INSERT INTO `dispatch_batch_items` VALUES (928,912,1102,6,2,'PENDING',0,NULL,NULL),(931,912,1150,1,7,'PENDING',0,NULL,NULL),(934,904,57,6,6,'PENDING',0,NULL,NULL),(936,905,956,6,6,'PENDING',0,NULL,NULL),(938,907,1083,6,6,'PENDING',0,NULL,NULL),(946,915,1166,1,1,'PENDING',0,NULL,NULL),(949,915,1168,2,2,'PENDING',0,NULL,NULL),(950,915,1171,3,3,'PENDING',0,NULL,NULL),(952,915,1214,4,4,'PENDING',0,NULL,NULL),(954,918,1241,1,1,'PENDING',0,NULL,NULL),(956,917,1284,1,1,'PENDING',0,NULL,NULL),(958,917,1287,2,2,'PENDING',0,NULL,NULL),(960,917,1288,3,3,'PENDING',0,NULL,NULL),(962,919,1297,1,1,'DELIVERED',0,NULL,NULL),(963,904,1292,7,7,'PENDING',0,NULL,NULL),(964,919,1296,2,2,'DELIVERED',0,NULL,NULL),(965,920,1298,1,1,'PENDING',0,NULL,NULL),(966,921,1300,1,1,'PENDING',0,NULL,NULL),(967,922,1165,1,1,'PENDING',0,NULL,NULL),(968,922,1170,2,2,'PENDING',0,NULL,NULL),(969,922,1213,3,3,'PENDING',0,NULL,NULL),(970,923,1242,1,1,'PENDING',0,NULL,NULL),(971,923,1285,2,2,'PENDING',0,NULL,NULL),(972,923,1289,3,3,'PENDING',0,NULL,NULL),(973,924,1302,1,1,'PENDING',0,NULL,NULL),(974,921,1299,2,2,'PENDING',0,NULL,NULL),(975,925,1301,1,1,'PENDING',0,NULL,NULL),(976,926,1303,1,1,'PENDING',0,NULL,NULL);
/*!40000 ALTER TABLE `dispatch_batch_items` ENABLE KEYS */;
UNLOCK TABLES;
DROP TABLE IF EXISTS `dispatch_batches`;
/*!40101 SET @saved_cs_client     = @@character_set_client */;
/*!50503 SET character_set_client = utf8mb4 */;
CREATE TABLE `dispatch_batches` (
  `id` bigint NOT NULL AUTO_INCREMENT,
  `serve_date` date NOT NULL,
  `meal_period` varchar(16) COLLATE utf8mb4_unicode_ci NOT NULL,
  `rider_profile_id` bigint NOT NULL,
  `area_code` varchar(64) COLLATE utf8mb4_unicode_ci NOT NULL,
  `batch_status` varchar(32) COLLATE utf8mb4_unicode_ci NOT NULL DEFAULT 'READY',
  `total_count` int NOT NULL DEFAULT '0',
  `delivered_count` int NOT NULL DEFAULT '0',
  `current_sequence` int NOT NULL DEFAULT '1',
  `started_at` timestamp NULL DEFAULT NULL,
  `finished_at` timestamp NULL DEFAULT NULL,
  `last_reordered_at` timestamp NULL DEFAULT NULL,
  `last_reordered_by` varchar(32) COLLATE utf8mb4_unicode_ci DEFAULT NULL,
  PRIMARY KEY (`id`),
  KEY `idx_dispatch_batches_serve_date_meal_period` (`serve_date`,`meal_period`),
  KEY `idx_dispatch_batches_rider_profile` (`rider_profile_id`)
) ENGINE=InnoDB AUTO_INCREMENT=927 DEFAULT CHARSET=utf8mb4 COLLATE=utf8mb4_unicode_ci;
/*!40101 SET character_set_client = @saved_cs_client */;

LOCK TABLES `dispatch_batches` WRITE;
/*!40000 ALTER TABLE `dispatch_batches` DISABLE KEYS */;
INSERT INTO `dispatch_batches` VALUES (902,'2026-05-12','LUNCH',956,'guanggu','READY',0,0,1,NULL,NULL,NULL,NULL),(903,'2026-05-12','DINNER',953,'光谷','READY',3,0,1,NULL,NULL,NULL,NULL),(904,'2026-05-12','LUNCH',953,'光谷','PARTIALLY_DONE',2,0,4,NULL,NULL,NULL,NULL),(905,'2026-05-23','LUNCH',953,'光谷','READY',6,0,1,NULL,NULL,NULL,NULL),(906,'2026-05-23','LUNCH',953,'光谷','READY',0,0,1,NULL,NULL,NULL,NULL),(907,'2026-05-24','LUNCH',953,'光谷','READY',6,0,1,NULL,NULL,NULL,NULL),(908,'2026-05-24','LUNCH',953,'光谷','READY',0,0,1,NULL,NULL,NULL,NULL),(909,'2026-05-23','DINNER',953,'光谷','READY',2,0,1,NULL,NULL,NULL,NULL),(910,'2026-05-23','DINNER',953,'光谷','READY',1,0,1,NULL,NULL,NULL,NULL),(911,'2026-05-24','DINNER',953,'光谷','READY',3,0,1,NULL,NULL,NULL,NULL),(912,'2026-05-25','LUNCH',953,'光谷','READY',5,0,1,NULL,NULL,NULL,NULL),(913,'2026-05-25','LUNCH',953,'光谷','READY',0,0,1,NULL,NULL,NULL,NULL),(914,'2026-05-25','DINNER',953,'光谷','READY',3,0,1,NULL,NULL,NULL,NULL),(915,'2026-05-26','LUNCH',953,'光谷','READY',4,0,1,NULL,NULL,NULL,NULL),(916,'2026-05-26','LUNCH',953,'光谷','READY',0,0,1,NULL,NULL,NULL,NULL),(917,'2026-05-28','LUNCH',953,'光谷','READY',3,0,1,NULL,NULL,NULL,NULL),(918,'2026-05-28','LUNCH',953,'光谷','READY',1,0,1,NULL,NULL,NULL,NULL),(919,'2026-05-29','LUNCH',953,'光谷','FINISHED',2,2,0,NULL,NULL,NULL,NULL),(920,'2026-06-11','LUNCH',953,'光谷','READY',1,0,1,NULL,NULL,NULL,NULL),(921,'2026-06-16','LUNCH',953,'光谷','READY',2,0,1,NULL,NULL,NULL,NULL),(922,'2026-05-26','DINNER',953,'光谷','READY',3,0,1,NULL,NULL,NULL,NULL),(923,'2026-05-28','DINNER',953,'光谷','READY',3,0,1,NULL,NULL,NULL,NULL),(924,'2026-06-18','DINNER',953,'光谷','READY',1,0,1,NULL,NULL,NULL,NULL),(925,'2026-06-18','LUNCH',953,'光谷','READY',1,0,1,NULL,NULL,NULL,NULL),(926,'2026-06-23','LUNCH',953,'光谷','READY',1,0,1,NULL,NULL,NULL,NULL);
/*!40000 ALTER TABLE `dispatch_batches` ENABLE KEYS */;
UNLOCK TABLES;
DROP TABLE IF EXISTS `dispatch_reassignments`;
/*!40101 SET @saved_cs_client     = @@character_set_client */;
/*!50503 SET character_set_client = utf8mb4 */;
CREATE TABLE `dispatch_reassignments` (
  `id` bigint NOT NULL AUTO_INCREMENT,
  `reassign_level` varchar(16) COLLATE utf8mb4_unicode_ci NOT NULL,
  `target_id` bigint NOT NULL,
  `from_rider_name` varchar(64) COLLATE utf8mb4_unicode_ci DEFAULT NULL,
  `to_rider_name` varchar(64) COLLATE utf8mb4_unicode_ci NOT NULL,
  `to_area_code` varchar(64) COLLATE utf8mb4_unicode_ci DEFAULT NULL,
  `serve_date` date NOT NULL,
  `meal_period` varchar(16) COLLATE utf8mb4_unicode_ci DEFAULT NULL,
  `sync_default_binding` tinyint(1) NOT NULL DEFAULT '0',
  `reason` varchar(255) COLLATE utf8mb4_unicode_ci DEFAULT NULL,
  `created_by` varchar(64) COLLATE utf8mb4_unicode_ci NOT NULL,
  `created_at` timestamp NOT NULL DEFAULT CURRENT_TIMESTAMP,
  PRIMARY KEY (`id`),
  KEY `idx_dispatch_reassignments_serve_date` (`serve_date`,`meal_period`)
) ENGINE=InnoDB AUTO_INCREMENT=902 DEFAULT CHARSET=utf8mb4 COLLATE=utf8mb4_unicode_ci;
/*!40101 SET character_set_client = @saved_cs_client */;

LOCK TABLES `dispatch_reassignments` WRITE;
/*!40000 ALTER TABLE `dispatch_reassignments` DISABLE KEYS */;
/*!40000 ALTER TABLE `dispatch_reassignments` ENABLE KEYS */;
UNLOCK TABLES;
DROP TABLE IF EXISTS `maintenance_cleanup_settings`;
/*!40101 SET @saved_cs_client     = @@character_set_client */;
/*!50503 SET character_set_client = utf8mb4 */;
CREATE TABLE `maintenance_cleanup_settings` (
  `module_key` varchar(64) COLLATE utf8mb4_unicode_ci NOT NULL,
  `module_label` varchar(64) COLLATE utf8mb4_unicode_ci NOT NULL,
  `retention_value` int NOT NULL,
  `retention_unit` varchar(16) COLLATE utf8mb4_unicode_ci NOT NULL DEFAULT 'DAY',
  `auto_enabled` tinyint(1) NOT NULL DEFAULT '1',
  `sort_order` int NOT NULL DEFAULT '0',
  `updated_at` datetime NOT NULL DEFAULT CURRENT_TIMESTAMP ON UPDATE CURRENT_TIMESTAMP,
  PRIMARY KEY (`module_key`)
) ENGINE=InnoDB DEFAULT CHARSET=utf8mb4 COLLATE=utf8mb4_unicode_ci;
/*!40101 SET character_set_client = @saved_cs_client */;

LOCK TABLES `maintenance_cleanup_settings` WRITE;
/*!40000 ALTER TABLE `maintenance_cleanup_settings` DISABLE KEYS */;
INSERT INTO `maintenance_cleanup_settings` VALUES ('ADDRESS_BINDING','地址绑定',90,'DAY',1,60,'2026-06-17 15:58:52'),('DISPATCH_BATCH','配送批次',14,'DAY',1,20,'2026-06-17 15:58:52'),('DISPATCH_REASSIGNMENT','区域调整记录',14,'DAY',1,50,'2026-06-17 15:58:52'),('ORDER_HISTORY','订单历史',30,'DAY',1,10,'2026-06-17 15:58:52'),('RECEIPT_RECORD','回执记录',1,'DAY',1,30,'2026-06-17 15:58:52'),('WALLET_TRANSACTION','钱包流水',90,'DAY',1,70,'2026-06-17 15:58:52');
/*!40000 ALTER TABLE `maintenance_cleanup_settings` ENABLE KEYS */;
UNLOCK TABLES;
DROP TABLE IF EXISTS `maintenance_job_logs`;
/*!40101 SET @saved_cs_client     = @@character_set_client */;
/*!50503 SET character_set_client = utf8mb4 */;
CREATE TABLE `maintenance_job_logs` (
  `id` bigint NOT NULL AUTO_INCREMENT,
  `job_type` varchar(64) COLLATE utf8mb4_unicode_ci NOT NULL,
  `trigger_source` varchar(32) COLLATE utf8mb4_unicode_ci NOT NULL,
  `status` varchar(32) COLLATE utf8mb4_unicode_ci NOT NULL,
  `time_range_label` varchar(255) COLLATE utf8mb4_unicode_ci NOT NULL,
  `started_at` datetime NOT NULL,
  `finished_at` datetime DEFAULT NULL,
  `duration_ms` bigint DEFAULT NULL,
  `scanned_count` int NOT NULL DEFAULT '0',
  `deleted_count` int NOT NULL DEFAULT '0',
  `failed_count` int NOT NULL DEFAULT '0',
  `message` varchar(255) COLLATE utf8mb4_unicode_ci NOT NULL,
  `error_detail` text COLLATE utf8mb4_unicode_ci,
  `operator_name` varchar(64) COLLATE utf8mb4_unicode_ci DEFAULT NULL,
  `metadata_json` text COLLATE utf8mb4_unicode_ci,
  `created_at` datetime NOT NULL DEFAULT CURRENT_TIMESTAMP,
  `updated_at` datetime NOT NULL DEFAULT CURRENT_TIMESTAMP ON UPDATE CURRENT_TIMESTAMP,
  PRIMARY KEY (`id`),
  KEY `idx_maintenance_job_logs_type_started` (`job_type`,`started_at` DESC)
) ENGINE=InnoDB AUTO_INCREMENT=2 DEFAULT CHARSET=utf8mb4 COLLATE=utf8mb4_unicode_ci;
/*!40101 SET character_set_client = @saved_cs_client */;

LOCK TABLES `maintenance_job_logs` WRITE;
/*!40000 ALTER TABLE `maintenance_job_logs` DISABLE KEYS */;
/*!40000 ALTER TABLE `maintenance_job_logs` ENABLE KEYS */;
UNLOCK TABLES;
DROP TABLE IF EXISTS `meal_slot_orders`;
/*!40101 SET @saved_cs_client     = @@character_set_client */;
/*!50503 SET character_set_client = utf8mb4 */;
CREATE TABLE `meal_slot_orders` (
  `id` bigint NOT NULL AUTO_INCREMENT,
  `daily_order_id` bigint NOT NULL,
  `meal_period` varchar(16) COLLATE utf8mb4_unicode_ci NOT NULL,
  `delivery_meal_period` varchar(16) COLLATE utf8mb4_unicode_ci NOT NULL,
  `quantity` int NOT NULL,
  `address_id` bigint NOT NULL,
  `note` varchar(255) COLLATE utf8mb4_unicode_ci DEFAULT NULL,
  `status` varchar(32) COLLATE utf8mb4_unicode_ci NOT NULL,
  `user_note` varchar(255) COLLATE utf8mb4_unicode_ci DEFAULT NULL,
  `merchant_remark` varchar(255) COLLATE utf8mb4_unicode_ci DEFAULT NULL,
  `special_tag` varchar(64) COLLATE utf8mb4_unicode_ci DEFAULT NULL,
  `is_priority` tinyint(1) NOT NULL DEFAULT '0',
  `source_type` varchar(32) COLLATE utf8mb4_unicode_ci DEFAULT NULL,
  `confirmed_from_subscription` tinyint(1) NOT NULL DEFAULT '0',
  `visible_to_customer` tinyint(1) DEFAULT '1',
  PRIMARY KEY (`id`)
) ENGINE=InnoDB AUTO_INCREMENT=1304 DEFAULT CHARSET=utf8mb4 COLLATE=utf8mb4_unicode_ci;
/*!40101 SET character_set_client = @saved_cs_client */;

LOCK TABLES `meal_slot_orders` WRITE;
/*!40000 ALTER TABLE `meal_slot_orders` DISABLE KEYS */;
INSERT INTO `meal_slot_orders` VALUES (1097,1097,'LUNCH','LUNCH',1,4,'12点送达，加热','PENDING_DISPATCH',NULL,NULL,NULL,0,NULL,0,1),(1102,1102,'LUNCH','LUNCH',1,7,'','DISPATCHING',NULL,NULL,NULL,0,NULL,0,1),(1103,1103,'DINNER','DINNER',1,8,'','PENDING_DISPATCH',NULL,NULL,NULL,0,NULL,0,1),(1106,1106,'LUNCH','LUNCH',1,10,'5.16中午12：30送达','PENDING_DISPATCH',NULL,NULL,NULL,0,NULL,0,1),(1107,1107,'LUNCH','LUNCH',1,11,'','PENDING_DISPATCH',NULL,NULL,NULL,0,NULL,0,1),(1108,1108,'LUNCH','LUNCH',1,12,'','PENDING_DISPATCH',NULL,NULL,NULL,0,NULL,0,1),(1109,1109,'LUNCH','LUNCH',1,13,'','PENDING_DISPATCH',NULL,NULL,NULL,0,NULL,0,1),(1110,1110,'LUNCH','LUNCH',1,14,'多点菜','PENDING_DISPATCH',NULL,NULL,NULL,0,NULL,0,1),(1111,1111,'LUNCH','LUNCH',1,15,'','PENDING_DISPATCH',NULL,NULL,NULL,0,NULL,0,1),(1112,1112,'LUNCH','LUNCH',1,16,'','PENDING_DISPATCH',NULL,NULL,NULL,0,NULL,0,1),(1113,1113,'DINNER','DINNER',1,17,'','PENDING_DISPATCH',NULL,NULL,NULL,0,NULL,0,1),(1116,1116,'LUNCH','LUNCH',1,19,'','PENDING_DISPATCH',NULL,NULL,NULL,0,NULL,0,1),(1117,1117,'LUNCH','LUNCH',1,20,'','PENDING_DISPATCH',NULL,NULL,NULL,0,NULL,0,1),(1118,1118,'DINNER','DINNER',1,21,'','PENDING_DISPATCH',NULL,NULL,NULL,0,NULL,0,1),(1121,1121,'LUNCH','LUNCH',1,23,'','PENDING_DISPATCH',NULL,NULL,NULL,0,NULL,0,1),(1122,1122,'LUNCH','LUNCH',1,24,'','PENDING_DISPATCH',NULL,NULL,NULL,0,NULL,0,1),(1123,1123,'LUNCH','LUNCH',1,25,'','PENDING_DISPATCH',NULL,NULL,NULL,0,NULL,0,1),(1124,1124,'DINNER','DINNER',1,26,'','PENDING_DISPATCH',NULL,NULL,NULL,0,NULL,0,1),(1125,1125,'LUNCH','LUNCH',1,27,'','PENDING_DISPATCH',NULL,NULL,NULL,0,NULL,0,1),(1130,1130,'LUNCH','LUNCH',1,30,'','PENDING_DISPATCH',NULL,NULL,NULL,0,NULL,0,1),(1131,1131,'LUNCH','LUNCH',1,31,'','PENDING_DISPATCH',NULL,NULL,NULL,0,NULL,0,1),(1132,1132,'LUNCH','LUNCH',1,32,'','PENDING_DISPATCH',NULL,NULL,NULL,0,NULL,0,1),(1143,1143,'LUNCH','LUNCH',1,38,'','PENDING_DISPATCH',NULL,NULL,NULL,0,NULL,0,1),(1144,1144,'DINNER','DINNER',1,39,'','PENDING_DISPATCH',NULL,NULL,NULL,0,NULL,0,1),(1148,1148,'DINNER','DINNER',1,42,'','PENDING_DISPATCH',NULL,NULL,NULL,0,NULL,0,1),(1151,1151,'DINNER','DINNER',1,43,'','PENDING_DISPATCH',NULL,NULL,NULL,0,NULL,0,1),(1156,1156,'LUNCH','LUNCH',1,46,'','PENDING_DISPATCH',NULL,NULL,NULL,0,NULL,0,1),(1157,1157,'LUNCH','LUNCH',1,47,'','PENDING_DISPATCH',NULL,NULL,NULL,0,NULL,0,1),(1158,1158,'LUNCH','LUNCH',1,48,'','PENDING_DISPATCH',NULL,NULL,NULL,0,NULL,0,1),(1159,1159,'LUNCH','LUNCH',1,49,'','PENDING_DISPATCH',NULL,NULL,NULL,0,NULL,0,1),(1162,1162,'DINNER','DINNER',1,51,'','PENDING_DISPATCH',NULL,NULL,NULL,0,NULL,0,1),(1163,1163,'LUNCH','LUNCH',1,52,'','PENDING_DISPATCH',NULL,NULL,NULL,0,NULL,0,1),(1165,1165,'DINNER','DINNER',1,5,'','DISPATCHING',NULL,NULL,NULL,0,'SYSTEM_COPY',0,1),(1166,1165,'LUNCH','LUNCH',1,5,'','DISPATCHING',NULL,NULL,NULL,0,'SYSTEM_COPY',0,1),(1168,1167,'LUNCH','LUNCH',1,7,'','DISPATCHING',NULL,NULL,NULL,0,'SYSTEM_COPY',0,1),(1169,1168,'DINNER','DINNER',1,8,'','PENDING_DISPATCH',NULL,NULL,NULL,0,'SYSTEM_COPY',0,1),(1170,1169,'DINNER','DINNER',1,9,'','DISPATCHING',NULL,NULL,NULL,0,'SYSTEM_COPY',0,1),(1171,1169,'LUNCH','LUNCH',1,9,'','DISPATCHING',NULL,NULL,NULL,0,'SYSTEM_COPY',0,1),(1172,1170,'LUNCH','LUNCH',1,10,'5.16中午12：30送达','PENDING_DISPATCH',NULL,NULL,NULL,0,'SYSTEM_COPY',0,1),(1173,1171,'LUNCH','LUNCH',1,11,'','PENDING_DISPATCH',NULL,NULL,NULL,0,'SYSTEM_COPY',0,1),(1174,1172,'LUNCH','LUNCH',1,12,'','PENDING_DISPATCH',NULL,NULL,NULL,0,'SYSTEM_COPY',0,1),(1175,1173,'LUNCH','LUNCH',1,13,'','PENDING_DISPATCH',NULL,NULL,NULL,0,'SYSTEM_COPY',0,1),(1176,1174,'LUNCH','LUNCH',1,14,'多点菜','PENDING_DISPATCH',NULL,NULL,NULL,0,'SYSTEM_COPY',0,1),(1177,1175,'LUNCH','LUNCH',1,15,'','PENDING_DISPATCH',NULL,NULL,NULL,0,'SYSTEM_COPY',0,1),(1178,1176,'LUNCH','LUNCH',1,16,'','PENDING_DISPATCH',NULL,NULL,NULL,0,'SYSTEM_COPY',0,1),(1179,1177,'DINNER','DINNER',1,17,'','PENDING_DISPATCH',NULL,NULL,NULL,0,'SYSTEM_COPY',0,1),(1180,1178,'DINNER','DINNER',1,18,'','PENDING_DISPATCH',NULL,NULL,NULL,0,'SYSTEM_COPY',0,1),(1181,1178,'LUNCH','LUNCH',1,18,'','PENDING_DISPATCH',NULL,NULL,NULL,0,'SYSTEM_COPY',0,1),(1182,1179,'LUNCH','LUNCH',1,19,'','PENDING_DISPATCH',NULL,NULL,NULL,0,'SYSTEM_COPY',0,1),(1183,1180,'LUNCH','LUNCH',1,20,'','PENDING_DISPATCH',NULL,NULL,NULL,0,'SYSTEM_COPY',0,1),(1184,1181,'DINNER','DINNER',1,21,'','PENDING_DISPATCH',NULL,NULL,NULL,0,'SYSTEM_COPY',0,1),(1185,1182,'DINNER','DINNER',1,22,'','PENDING_DISPATCH',NULL,NULL,NULL,0,'SYSTEM_COPY',0,1),(1186,1182,'LUNCH','LUNCH',1,22,'','PENDING_DISPATCH',NULL,NULL,NULL,0,'SYSTEM_COPY',0,1),(1187,1183,'LUNCH','LUNCH',1,23,'','PENDING_DISPATCH',NULL,NULL,NULL,0,'SYSTEM_COPY',0,1),(1188,1184,'LUNCH','LUNCH',1,24,'','PENDING_DISPATCH',NULL,NULL,NULL,0,'SYSTEM_COPY',0,1),(1189,1185,'LUNCH','LUNCH',1,25,'','PENDING_DISPATCH',NULL,NULL,NULL,0,'SYSTEM_COPY',0,1),(1190,1186,'DINNER','DINNER',1,26,'','PENDING_DISPATCH',NULL,NULL,NULL,0,'SYSTEM_COPY',0,1),(1191,1187,'LUNCH','LUNCH',1,27,'','PENDING_DISPATCH',NULL,NULL,NULL,0,'SYSTEM_COPY',0,1),(1192,1188,'DINNER','DINNER',1,28,'','PENDING_DISPATCH',NULL,NULL,NULL,0,'SYSTEM_COPY',0,1),(1193,1188,'LUNCH','LUNCH',1,28,'','PENDING_DISPATCH',NULL,NULL,NULL,0,'SYSTEM_COPY',0,1),(1194,1189,'DINNER','DINNER',1,29,'','PENDING_DISPATCH',NULL,NULL,NULL,0,'SYSTEM_COPY',0,1),(1195,1189,'LUNCH','LUNCH',1,29,'','PENDING_DISPATCH',NULL,NULL,NULL,0,'SYSTEM_COPY',0,1),(1196,1190,'LUNCH','LUNCH',1,30,'','PENDING_DISPATCH',NULL,NULL,NULL,0,'SYSTEM_COPY',0,1),(1197,1191,'LUNCH','LUNCH',1,31,'','PENDING_DISPATCH',NULL,NULL,NULL,0,'SYSTEM_COPY',0,1),(1198,1192,'LUNCH','LUNCH',1,32,'','PENDING_DISPATCH',NULL,NULL,NULL,0,'SYSTEM_COPY',0,1),(1199,1193,'DINNER','DINNER',1,33,'','PENDING_DISPATCH',NULL,NULL,NULL,0,'SYSTEM_COPY',0,1),(1200,1193,'LUNCH','LUNCH',1,33,'','PENDING_DISPATCH',NULL,NULL,NULL,0,'SYSTEM_COPY',0,1),(1201,1194,'DINNER','DINNER',1,34,'','PENDING_DISPATCH',NULL,NULL,NULL,0,'SYSTEM_COPY',0,1),(1202,1194,'LUNCH','LUNCH',1,34,'','PENDING_DISPATCH',NULL,NULL,NULL,0,'SYSTEM_COPY',0,1),(1203,1195,'DINNER','DINNER',1,35,'','PENDING_DISPATCH',NULL,NULL,NULL,0,'SYSTEM_COPY',0,1),(1204,1195,'LUNCH','LUNCH',1,35,'','PENDING_DISPATCH',NULL,NULL,NULL,0,'SYSTEM_COPY',0,1),(1205,1196,'DINNER','DINNER',1,36,'','PENDING_DISPATCH',NULL,NULL,NULL,0,'SYSTEM_COPY',0,1),(1206,1196,'LUNCH','LUNCH',1,36,'','PENDING_DISPATCH',NULL,NULL,NULL,0,'SYSTEM_COPY',0,1),(1207,1197,'DINNER','DINNER',1,37,'','PENDING_DISPATCH',NULL,NULL,NULL,0,'SYSTEM_COPY',0,1),(1208,1197,'LUNCH','LUNCH',1,37,'','PENDING_DISPATCH',NULL,NULL,NULL,0,'SYSTEM_COPY',0,1),(1209,1198,'LUNCH','LUNCH',1,38,'','PENDING_DISPATCH',NULL,NULL,NULL,0,'SYSTEM_COPY',0,1),(1210,1199,'DINNER','DINNER',1,39,'','PENDING_DISPATCH',NULL,NULL,NULL,0,'SYSTEM_COPY',0,1),(1211,1200,'DINNER','DINNER',1,40,'','PENDING_DISPATCH',NULL,NULL,NULL,0,'SYSTEM_COPY',0,1),(1212,1200,'LUNCH','LUNCH',1,40,'','PENDING_DISPATCH',NULL,NULL,NULL,0,'SYSTEM_COPY',0,1),(1213,1201,'DINNER','DINNER',1,41,'','DISPATCHING',NULL,NULL,NULL,0,'SYSTEM_COPY',0,1),(1214,1201,'LUNCH','LUNCH',1,41,'','DISPATCHING',NULL,NULL,NULL,0,'SYSTEM_COPY',0,1),(1215,1202,'DINNER','DINNER',1,42,'','PENDING_DISPATCH',NULL,NULL,NULL,0,'SYSTEM_COPY',0,1),(1216,1203,'DINNER','DINNER',1,43,'','PENDING_DISPATCH',NULL,NULL,NULL,0,'SYSTEM_COPY',0,1),(1217,1204,'DINNER','DINNER',1,44,'','PENDING_DISPATCH',NULL,NULL,NULL,0,'SYSTEM_COPY',0,1),(1218,1204,'LUNCH','LUNCH',1,44,'','PENDING_DISPATCH',NULL,NULL,NULL,0,'SYSTEM_COPY',0,1),(1219,1205,'LUNCH','LUNCH',1,45,'','PENDING_DISPATCH',NULL,NULL,NULL,0,'SYSTEM_COPY',0,1),(1220,1206,'LUNCH','LUNCH',1,46,'','PENDING_DISPATCH',NULL,NULL,NULL,0,'SYSTEM_COPY',0,1),(1221,1207,'LUNCH','LUNCH',1,47,'','PENDING_DISPATCH',NULL,NULL,NULL,0,'SYSTEM_COPY',0,1),(1222,1208,'LUNCH','LUNCH',1,48,'','PENDING_DISPATCH',NULL,NULL,NULL,0,'SYSTEM_COPY',0,1),(1223,1209,'LUNCH','LUNCH',1,49,'','PENDING_DISPATCH',NULL,NULL,NULL,0,'SYSTEM_COPY',0,1),(1224,1210,'DINNER','DINNER',1,50,'','PENDING_DISPATCH',NULL,NULL,NULL,0,'SYSTEM_COPY',0,1),(1225,1210,'LUNCH','LUNCH',1,50,'','PENDING_DISPATCH',NULL,NULL,NULL,0,'SYSTEM_COPY',0,1),(1226,1211,'DINNER','DINNER',1,51,'','PENDING_DISPATCH',NULL,NULL,NULL,0,'SYSTEM_COPY',0,1),(1227,1212,'LUNCH','LUNCH',1,52,'','PENDING_DISPATCH',NULL,NULL,NULL,0,'SYSTEM_COPY',0,1),(1228,1227,'LUNCH','LUNCH',1,52,'','PENDING_DISPATCH',NULL,NULL,NULL,0,'SYSTEM_COPY',0,1),(1229,1228,'DINNER','DINNER',1,51,'','PENDING_DISPATCH',NULL,NULL,NULL,0,'SYSTEM_COPY',0,1),(1230,1229,'LUNCH','LUNCH',1,50,'','PENDING_DISPATCH',NULL,NULL,NULL,0,'SYSTEM_COPY',0,1),(1231,1229,'DINNER','DINNER',1,50,'','PENDING_DISPATCH',NULL,NULL,NULL,0,'SYSTEM_COPY',0,1),(1232,1230,'LUNCH','LUNCH',1,49,'','PENDING_DISPATCH',NULL,NULL,NULL,0,'SYSTEM_COPY',0,1),(1233,1231,'LUNCH','LUNCH',1,48,'','PENDING_DISPATCH',NULL,NULL,NULL,0,'SYSTEM_COPY',0,1),(1234,1232,'LUNCH','LUNCH',1,47,'','PENDING_DISPATCH',NULL,NULL,NULL,0,'SYSTEM_COPY',0,1),(1235,1233,'LUNCH','LUNCH',1,46,'','PENDING_DISPATCH',NULL,NULL,NULL,0,'SYSTEM_COPY',0,1),(1236,1234,'LUNCH','LUNCH',1,45,'','PENDING_DISPATCH',NULL,NULL,NULL,0,'SYSTEM_COPY',0,1),(1237,1235,'DINNER','DINNER',1,44,'','PENDING_DISPATCH',NULL,NULL,NULL,0,'SYSTEM_COPY',0,1),(1238,1235,'LUNCH','LUNCH',1,44,'','PENDING_DISPATCH',NULL,NULL,NULL,0,'SYSTEM_COPY',0,1),(1239,1236,'DINNER','DINNER',1,43,'','PENDING_DISPATCH',NULL,NULL,NULL,0,'SYSTEM_COPY',0,1),(1240,1237,'DINNER','DINNER',1,42,'','PENDING_DISPATCH',NULL,NULL,NULL,0,'SYSTEM_COPY',0,1),(1241,1238,'LUNCH','LUNCH',1,41,'','DISPATCHING',NULL,NULL,NULL,0,'SYSTEM_COPY',0,1),(1242,1238,'DINNER','DINNER',1,41,'','DISPATCHING',NULL,NULL,NULL,0,'SYSTEM_COPY',0,1),(1243,1239,'LUNCH','LUNCH',1,40,'','PENDING_DISPATCH',NULL,NULL,NULL,0,'SYSTEM_COPY',0,1),(1244,1239,'DINNER','DINNER',1,40,'','PENDING_DISPATCH',NULL,NULL,NULL,0,'SYSTEM_COPY',0,1),(1245,1240,'DINNER','DINNER',1,39,'','PENDING_DISPATCH',NULL,NULL,NULL,0,'SYSTEM_COPY',0,1),(1246,1241,'LUNCH','LUNCH',1,38,'','PENDING_DISPATCH',NULL,NULL,NULL,0,'SYSTEM_COPY',0,1),(1247,1242,'LUNCH','LUNCH',1,37,'','PENDING_DISPATCH',NULL,NULL,NULL,0,'SYSTEM_COPY',0,1),(1248,1242,'DINNER','DINNER',1,37,'','PENDING_DISPATCH',NULL,NULL,NULL,0,'SYSTEM_COPY',0,1),(1249,1243,'DINNER','DINNER',1,36,'','PENDING_DISPATCH',NULL,NULL,NULL,0,'SYSTEM_COPY',0,1),(1250,1243,'LUNCH','LUNCH',1,36,'','PENDING_DISPATCH',NULL,NULL,NULL,0,'SYSTEM_COPY',0,1),(1251,1244,'LUNCH','LUNCH',1,35,'','PENDING_DISPATCH',NULL,NULL,NULL,0,'SYSTEM_COPY',0,1),(1252,1244,'DINNER','DINNER',1,35,'','PENDING_DISPATCH',NULL,NULL,NULL,0,'SYSTEM_COPY',0,1),(1253,1245,'LUNCH','LUNCH',1,34,'','PENDING_DISPATCH',NULL,NULL,NULL,0,'SYSTEM_COPY',0,1),(1254,1245,'DINNER','DINNER',1,34,'','PENDING_DISPATCH',NULL,NULL,NULL,0,'SYSTEM_COPY',0,1),(1255,1246,'LUNCH','LUNCH',1,33,'','PENDING_DISPATCH',NULL,NULL,NULL,0,'SYSTEM_COPY',0,1),(1256,1246,'DINNER','DINNER',1,33,'','PENDING_DISPATCH',NULL,NULL,NULL,0,'SYSTEM_COPY',0,1),(1257,1247,'LUNCH','LUNCH',1,32,'','PENDING_DISPATCH',NULL,NULL,NULL,0,'SYSTEM_COPY',0,1),(1258,1248,'LUNCH','LUNCH',1,31,'','PENDING_DISPATCH',NULL,NULL,NULL,0,'SYSTEM_COPY',0,1),(1259,1249,'LUNCH','LUNCH',1,30,'','PENDING_DISPATCH',NULL,NULL,NULL,0,'SYSTEM_COPY',0,1),(1260,1250,'LUNCH','LUNCH',1,29,'','PENDING_DISPATCH',NULL,NULL,NULL,0,'SYSTEM_COPY',0,1),(1261,1250,'DINNER','DINNER',1,29,'','PENDING_DISPATCH',NULL,NULL,NULL,0,'SYSTEM_COPY',0,1),(1262,1251,'LUNCH','LUNCH',1,28,'','PENDING_DISPATCH',NULL,NULL,NULL,0,'SYSTEM_COPY',0,1),(1263,1251,'DINNER','DINNER',1,28,'','PENDING_DISPATCH',NULL,NULL,NULL,0,'SYSTEM_COPY',0,1),(1264,1252,'LUNCH','LUNCH',1,27,'','PENDING_DISPATCH',NULL,NULL,NULL,0,'SYSTEM_COPY',0,1),(1265,1253,'DINNER','DINNER',1,26,'','PENDING_DISPATCH',NULL,NULL,NULL,0,'SYSTEM_COPY',0,1),(1266,1254,'LUNCH','LUNCH',1,25,'','PENDING_DISPATCH',NULL,NULL,NULL,0,'SYSTEM_COPY',0,1),(1267,1255,'LUNCH','LUNCH',1,24,'','PENDING_DISPATCH',NULL,NULL,NULL,0,'SYSTEM_COPY',0,1),(1268,1256,'LUNCH','LUNCH',1,23,'','PENDING_DISPATCH',NULL,NULL,NULL,0,'SYSTEM_COPY',0,1),(1269,1257,'LUNCH','LUNCH',1,22,'','PENDING_DISPATCH',NULL,NULL,NULL,0,'SYSTEM_COPY',0,1),(1270,1257,'DINNER','DINNER',1,22,'','PENDING_DISPATCH',NULL,NULL,NULL,0,'SYSTEM_COPY',0,1),(1271,1258,'DINNER','DINNER',1,21,'','PENDING_DISPATCH',NULL,NULL,NULL,0,'SYSTEM_COPY',0,1),(1272,1259,'LUNCH','LUNCH',1,20,'','PENDING_DISPATCH',NULL,NULL,NULL,0,'SYSTEM_COPY',0,1),(1273,1260,'LUNCH','LUNCH',1,19,'','PENDING_DISPATCH',NULL,NULL,NULL,0,'SYSTEM_COPY',0,1),(1274,1261,'DINNER','DINNER',1,18,'','PENDING_DISPATCH',NULL,NULL,NULL,0,'SYSTEM_COPY',0,1),(1275,1261,'LUNCH','LUNCH',1,18,'','PENDING_DISPATCH',NULL,NULL,NULL,0,'SYSTEM_COPY',0,1),(1276,1262,'DINNER','DINNER',1,17,'','PENDING_DISPATCH',NULL,NULL,NULL,0,'SYSTEM_COPY',0,1),(1277,1263,'LUNCH','LUNCH',1,16,'','PENDING_DISPATCH',NULL,NULL,NULL,0,'SYSTEM_COPY',0,1),(1278,1264,'LUNCH','LUNCH',1,15,'','PENDING_DISPATCH',NULL,NULL,NULL,0,'SYSTEM_COPY',0,1),(1279,1265,'LUNCH','LUNCH',1,14,'多点菜','PENDING_DISPATCH',NULL,NULL,NULL,0,'SYSTEM_COPY',0,1),(1280,1266,'LUNCH','LUNCH',1,13,'','PENDING_DISPATCH',NULL,NULL,NULL,0,'SYSTEM_COPY',0,1),(1281,1267,'LUNCH','LUNCH',1,12,'','PENDING_DISPATCH',NULL,NULL,NULL,0,'SYSTEM_COPY',0,1),(1282,1268,'LUNCH','LUNCH',1,11,'','PENDING_DISPATCH',NULL,NULL,NULL,0,'SYSTEM_COPY',0,1),(1283,1269,'LUNCH','LUNCH',1,10,'5.16中午12：30送达','PENDING_DISPATCH',NULL,NULL,NULL,0,'SYSTEM_COPY',0,1),(1284,1270,'LUNCH','LUNCH',1,9,'','DISPATCHING',NULL,NULL,NULL,0,'SYSTEM_COPY',0,1),(1285,1270,'DINNER','DINNER',1,9,'','DISPATCHING',NULL,NULL,NULL,0,'SYSTEM_COPY',0,1),(1286,1271,'DINNER','DINNER',1,8,'','PENDING_DISPATCH',NULL,NULL,NULL,0,'SYSTEM_COPY',0,1),(1287,1272,'LUNCH','LUNCH',1,7,'','DISPATCHING',NULL,NULL,NULL,0,'SYSTEM_COPY',0,1),(1288,1273,'LUNCH','LUNCH',1,5,'','DISPATCHING',NULL,NULL,NULL,0,'SYSTEM_COPY',0,1),(1289,1273,'DINNER','DINNER',1,5,'','DISPATCHING',NULL,NULL,NULL,0,'SYSTEM_COPY',0,1),(1290,1274,'LUNCH','LUNCH',1,4,'12点送达，加热','PENDING_DISPATCH',NULL,NULL,NULL,0,NULL,0,1),(1291,1275,'LUNCH','LUNCH',1,903,'-','CANCELLED','-',NULL,NULL,0,'MINIAPP',0,1),(1292,1276,'LUNCH','LUNCH',1,903,'-','DISPATCHING',NULL,NULL,NULL,0,NULL,0,1),(1293,1279,'LUNCH','LUNCH',1,903,'-','REFUNDED','-',NULL,NULL,0,'BACKEND',0,0),(1294,1275,'LUNCH','LUNCH',1,903,'-','REFUNDED','-',NULL,NULL,0,'BACKEND',0,0),(1295,1280,'LUNCH','LUNCH',1,903,'-','CANCELLED','-',NULL,NULL,0,'MINIAPP',0,1),(1296,1275,'LUNCH','LUNCH',1,903,'-','DELIVERED','-',NULL,NULL,0,'BACKEND',0,1),(1297,1275,'LUNCH','LUNCH',1,903,'-','DELIVERED','-',NULL,NULL,0,'BACKEND',0,1),(1298,1281,'LUNCH','LUNCH',1,903,'-','DISPATCHING','-',NULL,NULL,0,'BACKEND',0,1),(1299,1282,'LUNCH','LUNCH',1,904,NULL,'DISPATCHING',NULL,'',NULL,0,'BACKEND',0,1),(1300,1283,'LUNCH','LUNCH',1,903,NULL,'DISPATCHING',NULL,'',NULL,0,'BACKEND',0,1),(1301,1284,'LUNCH','LUNCH',2,904,NULL,'DISPATCHING',NULL,'-',NULL,0,'BACKEND',0,1),(1302,1284,'LUNCH','DINNER',1,904,NULL,'DISPATCHING',NULL,'',NULL,0,'BACKEND',0,1),(1303,1285,'LUNCH','LUNCH',1,904,NULL,'DISPATCHING',NULL,'11',NULL,0,'BACKEND',0,1);
/*!40000 ALTER TABLE `meal_slot_orders` ENABLE KEYS */;
UNLOCK TABLES;
DROP TABLE IF EXISTS `meal_wallets`;
/*!40101 SET @saved_cs_client     = @@character_set_client */;
/*!50503 SET character_set_client = utf8mb4 */;
CREATE TABLE `meal_wallets` (
  `id` bigint NOT NULL AUTO_INCREMENT,
  `customer_id` bigint NOT NULL,
  `package_plan_id` bigint DEFAULT NULL,
  `total_meals` int NOT NULL,
  `reserved_meals` int NOT NULL DEFAULT '0',
  `consumed_meals` int NOT NULL DEFAULT '0',
  `active` tinyint(1) NOT NULL DEFAULT '1',
  `opened_at` timestamp NULL DEFAULT NULL,
  `expired_at` timestamp NULL DEFAULT NULL,
  `last_adjusted_at` timestamp NULL DEFAULT NULL,
  PRIMARY KEY (`id`)
) ENGINE=InnoDB AUTO_INCREMENT=905 DEFAULT CHARSET=utf8mb4 COLLATE=utf8mb4_unicode_ci;
/*!40101 SET character_set_client = @saved_cs_client */;

LOCK TABLES `meal_wallets` WRITE;
/*!40000 ALTER TABLE `meal_wallets` DISABLE KEYS */;
INSERT INTO `meal_wallets` VALUES (4,4,3,0,0,0,1,NULL,NULL,'2026-05-16 03:26:24'),(5,5,3,0,0,0,1,NULL,NULL,'2026-05-16 03:26:24'),(6,6,3,0,0,0,1,NULL,NULL,'2026-05-16 03:26:24'),(7,7,3,0,0,0,1,NULL,NULL,'2026-05-16 03:26:24'),(8,8,3,0,0,0,1,NULL,NULL,'2026-05-16 03:26:24'),(9,9,3,0,0,0,1,NULL,NULL,'2026-05-16 03:26:24'),(10,10,3,0,0,0,1,NULL,NULL,'2026-05-16 03:26:24'),(11,11,3,0,0,0,1,NULL,NULL,'2026-05-16 03:26:24'),(12,12,3,0,0,0,1,NULL,NULL,'2026-05-16 03:26:24'),(13,13,3,0,0,0,1,NULL,NULL,'2026-05-16 03:26:24'),(14,14,3,0,0,0,1,NULL,NULL,'2026-05-16 03:26:24'),(15,15,3,0,0,0,1,NULL,NULL,'2026-05-16 03:26:24'),(16,16,3,0,0,0,1,NULL,NULL,'2026-05-16 03:26:24'),(17,17,3,0,0,0,1,NULL,NULL,'2026-05-16 03:26:24'),(18,18,3,0,0,0,1,NULL,NULL,'2026-05-16 03:26:24'),(19,19,3,0,0,0,1,NULL,NULL,'2026-05-16 03:26:24'),(20,20,3,0,0,0,1,NULL,NULL,'2026-05-16 03:26:24'),(21,21,3,0,0,0,1,NULL,NULL,'2026-05-16 03:26:24'),(22,22,3,0,0,0,1,NULL,NULL,'2026-05-16 03:26:24'),(23,23,3,0,0,0,1,NULL,NULL,'2026-05-16 03:26:24'),(24,24,3,0,0,0,1,NULL,NULL,'2026-05-16 03:26:24'),(25,25,3,0,0,0,1,NULL,NULL,'2026-05-16 03:26:24'),(26,26,3,0,0,0,1,NULL,NULL,'2026-05-16 03:26:24'),(27,27,3,0,0,0,1,NULL,NULL,'2026-05-16 03:26:24'),(28,28,3,0,0,0,1,'2025-02-12 16:00:00','2025-07-12 16:00:00','2026-05-16 03:26:24'),(29,29,3,0,0,0,1,'2025-02-17 16:00:00','2025-07-23 16:00:00','2026-05-16 03:26:24'),(30,30,3,0,0,0,1,'2025-02-17 16:00:00','2025-07-17 16:00:00','2026-05-16 03:26:24'),(31,31,3,0,0,0,1,'2025-05-15 16:00:00','2025-10-15 16:00:00','2026-05-16 03:26:24'),(32,32,3,0,0,0,1,'2025-06-30 16:00:00',NULL,'2026-05-16 03:26:24'),(33,33,3,0,0,0,1,'2025-07-24 16:00:00',NULL,'2026-05-16 03:26:24'),(34,34,3,0,0,0,1,'2025-09-04 16:00:00','2026-02-16 16:00:00','2026-05-16 03:26:24'),(35,35,3,0,0,0,1,'2025-09-10 16:00:00','2025-12-16 16:00:00','2026-05-16 03:26:24'),(36,36,3,0,0,0,1,'2025-09-13 16:00:00','2026-04-12 16:00:00','2026-05-16 03:26:24'),(37,37,3,0,0,0,1,'2025-09-19 16:00:00','2026-06-18 16:00:00','2026-05-16 03:26:24'),(38,38,3,0,0,0,1,'2026-03-04 16:00:00','2026-06-12 16:00:00','2026-05-16 03:26:24'),(39,39,3,0,0,0,1,'2025-10-15 16:00:00','2026-02-14 16:00:00','2026-05-16 03:26:24'),(40,40,3,0,0,0,1,'2025-10-16 16:00:00','2026-02-15 16:00:00','2026-05-16 03:26:24'),(41,41,3,0,0,0,1,'2025-10-20 16:00:00','2026-02-19 16:00:00','2026-05-16 03:26:24'),(42,42,3,0,0,0,1,'2025-10-20 16:00:00','2026-02-19 16:00:00','2026-05-16 03:26:24'),(43,43,3,0,0,0,1,'2025-10-21 16:00:00','2026-02-20 16:00:00','2026-05-16 03:26:24'),(44,44,3,0,0,0,1,'2025-10-25 16:00:00','2026-02-24 16:00:00','2026-05-16 03:26:24'),(45,45,3,0,0,0,1,'2025-10-28 16:00:00','2026-02-27 16:00:00','2026-05-16 03:26:24'),(46,46,3,0,0,0,1,'2025-10-30 16:00:00','2025-12-22 16:00:00','2026-05-16 03:26:24'),(47,47,3,0,0,0,1,'2025-11-02 16:00:00','2026-03-04 16:00:00','2026-05-16 03:26:24'),(48,48,3,0,0,0,1,'2025-11-02 16:00:00','2026-03-04 16:00:00','2026-05-16 03:26:24'),(49,49,3,0,0,0,1,'2025-11-02 16:00:00','2026-06-01 16:00:00','2026-05-16 03:26:24'),(50,50,3,0,0,0,1,'2025-11-05 16:00:00','2026-03-07 16:00:00','2026-05-16 03:26:24'),(51,51,3,0,0,0,1,'2025-11-08 16:00:00','2026-06-07 16:00:00','2026-05-16 03:26:24'),(52,52,3,0,0,0,1,'2025-11-09 16:00:00','2026-03-11 16:00:00','2026-05-16 03:26:24'),(53,53,3,0,0,0,1,'2025-11-09 16:00:00','2026-03-11 16:00:00','2026-05-16 03:26:24'),(54,54,3,0,0,0,1,'2025-11-10 16:00:00','2026-07-10 16:00:00','2026-05-16 03:26:24'),(55,55,3,0,0,0,1,'2025-11-12 16:00:00','2026-01-11 16:00:00','2026-05-16 03:26:24'),(56,56,3,0,0,0,1,'2025-11-15 16:00:00','2026-03-17 16:00:00','2026-05-16 03:26:24'),(57,57,3,0,0,0,1,'2025-11-20 16:00:00','2026-03-22 16:00:00','2026-05-16 03:26:24'),(58,58,3,0,0,0,1,'2025-11-22 16:00:00','2026-03-24 16:00:00','2026-05-16 03:26:24'),(59,59,3,0,0,0,1,'2025-12-06 16:00:00','2026-04-05 16:00:00','2026-05-16 03:26:24'),(60,60,3,0,0,0,1,'2025-12-01 16:00:00','2026-04-30 16:00:00','2026-05-16 03:26:24'),(61,61,3,0,0,0,1,'2026-04-16 16:00:00','2026-08-23 16:00:00','2026-05-16 03:26:24'),(62,62,3,0,0,0,1,'2025-12-20 16:00:00','2026-02-19 16:00:00','2026-05-16 03:26:24'),(63,63,3,0,0,0,1,'2026-01-02 16:00:00','2026-05-02 16:00:00','2026-05-16 03:26:24'),(64,64,3,0,0,0,1,'2026-01-11 16:00:00','2026-05-30 16:00:00','2026-05-16 03:26:24'),(65,65,3,0,0,0,1,'2026-01-12 16:00:00','2026-06-17 16:00:00','2026-05-16 03:26:24'),(66,66,3,0,0,0,1,'2026-01-12 16:00:00','2026-03-14 16:00:00','2026-05-16 03:26:24'),(67,67,3,0,0,0,1,'2026-01-13 16:00:00','2026-03-15 16:00:00','2026-05-16 03:26:24'),(68,68,3,0,0,0,1,'2026-01-14 16:00:00','2026-03-16 16:00:00','2026-05-16 03:26:24'),(69,69,3,0,0,0,1,'2026-01-14 16:00:00','2026-05-14 16:00:00','2026-05-16 03:26:24'),(70,70,3,0,0,0,1,'2026-01-18 16:00:00','2026-03-20 16:00:00','2026-05-16 03:26:24'),(71,71,3,0,0,0,1,'2026-01-21 16:00:00','2026-05-21 16:00:00','2026-05-16 03:26:24'),(72,72,3,0,0,0,1,'2026-01-25 16:00:00','2026-05-25 16:00:00','2026-05-16 03:26:24'),(73,73,3,0,0,0,1,'2026-03-03 16:00:00','2026-06-11 16:00:00','2026-05-16 03:26:24'),(74,74,3,0,0,0,1,'2026-03-31 16:00:00','2026-07-08 16:00:00','2026-05-16 03:26:24'),(75,75,3,0,0,0,1,'2026-03-03 16:00:00','2026-06-11 16:00:00','2026-05-16 03:26:24'),(76,76,3,0,0,0,1,'2026-03-03 16:00:00','2026-09-11 16:00:00','2026-05-16 03:26:24'),(77,77,3,0,0,0,1,'2026-03-03 16:00:00','2026-06-11 16:00:00','2026-05-16 03:26:24'),(78,78,3,0,0,0,1,'2026-04-03 16:00:00','2026-06-11 16:00:00','2026-05-16 03:26:24'),(79,79,3,0,0,0,1,'2026-03-03 16:00:00','2026-06-11 16:00:00','2026-05-16 03:26:24'),(80,80,3,0,0,0,1,'2026-03-03 16:00:00','2026-06-11 16:00:00','2026-05-16 03:26:24'),(81,81,3,0,0,0,1,'2026-03-04 16:00:00','2026-06-12 16:00:00','2026-05-16 03:26:24'),(82,82,3,0,0,0,1,'2026-03-04 16:00:00','2026-06-12 16:00:00','2026-05-16 03:26:24'),(83,83,3,0,0,0,1,'2026-03-04 16:00:00','2026-06-12 16:00:00','2026-05-16 03:26:24'),(84,84,3,0,0,0,1,'2026-03-04 16:00:00','2026-06-12 16:00:00','2026-05-16 03:26:24'),(85,85,3,0,0,0,1,'2026-03-03 16:00:00','2026-06-11 16:00:00','2026-05-16 03:26:24'),(86,86,3,0,0,0,1,'2026-03-06 16:00:00','2026-06-14 16:00:00','2026-05-16 03:26:24'),(87,87,3,0,0,0,1,'2026-03-06 16:00:00','2026-06-14 16:00:00','2026-05-16 03:26:24'),(88,88,3,0,0,0,1,'2026-03-08 16:00:00','2026-06-16 16:00:00','2026-05-16 03:26:24'),(89,89,3,0,0,0,1,'2026-03-08 16:00:00','2026-06-16 16:00:00','2026-05-16 03:26:24'),(90,90,3,0,0,0,1,'2026-03-10 16:00:00','2026-06-07 16:00:00','2026-05-16 03:26:24'),(91,91,3,0,0,0,1,'2026-03-11 16:00:00','2026-06-19 16:00:00','2026-05-16 03:26:24'),(92,92,3,0,0,0,1,'2026-06-03 16:00:00','2026-12-01 16:00:00','2026-05-16 03:26:24'),(93,93,3,0,0,0,1,'2025-03-12 16:00:00','2026-03-12 16:00:00','2026-05-16 03:26:24'),(94,94,3,0,0,0,1,'2025-03-15 16:00:00','2026-04-29 16:00:00','2026-05-16 03:26:24'),(95,95,3,0,0,0,1,'2025-04-06 16:00:00','2026-05-06 16:00:00','2026-05-16 03:26:24'),(96,96,3,0,0,0,1,'2025-03-14 16:00:00','2026-06-14 16:00:00','2026-05-16 03:26:24'),(97,97,3,0,0,0,1,'2026-03-16 16:00:00','2026-06-24 16:00:00','2026-05-16 03:26:24'),(98,98,3,0,0,0,1,'2026-03-17 16:00:00','2026-04-25 16:00:00','2026-05-16 03:26:24'),(99,99,3,0,0,0,1,'2026-03-17 16:00:00','2026-06-25 16:00:00','2026-05-16 03:26:24'),(100,100,3,0,0,0,1,'2026-03-19 16:00:00','2026-06-27 16:00:00','2026-05-16 03:26:24'),(101,101,3,0,0,0,1,'2026-03-23 16:00:00','2026-05-01 16:00:00','2026-05-16 03:26:24'),(102,102,3,0,0,0,1,'2026-03-23 16:00:00',NULL,'2026-05-16 03:26:24'),(103,103,3,0,0,0,1,'2026-03-23 16:00:00','2026-07-01 16:00:00','2026-05-16 03:26:24'),(104,104,3,0,0,0,1,'2026-03-25 16:00:00','2026-07-03 16:00:00','2026-05-16 03:26:24'),(105,105,3,0,0,0,1,'2026-03-26 16:00:00','2026-07-04 16:00:00','2026-05-16 03:26:24'),(106,106,3,0,0,0,1,'2026-03-31 16:00:00','2026-05-08 16:00:00','2026-05-16 03:26:24'),(107,107,3,0,0,0,1,'2026-03-20 16:00:00',NULL,'2026-05-16 03:26:24'),(108,108,3,0,0,0,1,'2026-04-06 16:00:00','2026-05-14 16:00:00','2026-05-16 03:26:24'),(109,109,3,0,0,0,1,'2026-04-09 16:00:00','2026-06-17 16:00:00','2026-05-16 03:26:24'),(110,110,3,0,0,0,1,'2026-04-06 16:00:00','2026-05-14 16:00:00','2026-05-16 03:26:24'),(111,111,3,0,0,0,1,'2026-04-06 16:00:00','2026-05-14 16:00:00','2026-05-16 03:26:24'),(112,112,3,0,0,0,1,'2026-04-06 16:00:00','2026-05-14 16:00:00','2026-05-16 03:26:24'),(113,113,3,0,0,0,1,'2026-04-06 16:00:00','2026-05-14 16:00:00','2026-05-16 03:26:24'),(114,114,3,0,0,0,1,'2026-04-06 16:00:00','2026-05-14 16:00:00','2026-05-16 03:26:24'),(115,115,3,0,0,0,1,'2026-04-11 16:00:00','2026-07-19 16:00:00','2026-05-16 03:26:24'),(116,116,3,0,0,0,1,'2026-04-06 16:00:00','2026-05-14 16:00:00','2026-05-16 03:26:24'),(117,117,3,0,0,0,1,'2026-04-06 16:00:00','2026-05-14 16:00:00','2026-05-16 03:26:24'),(118,118,3,0,0,0,1,'2026-04-06 16:00:00','2026-05-14 16:00:00','2026-05-16 03:26:24'),(119,119,3,0,0,0,1,'2026-04-06 16:00:00','2026-05-14 16:00:00','2026-05-16 03:26:24'),(120,120,3,0,0,0,1,'2026-04-06 16:00:00','2026-05-14 16:00:00','2026-05-16 03:26:24'),(121,121,3,0,0,0,1,'2026-04-06 16:00:00','2026-05-14 16:00:00','2026-05-16 03:26:24'),(122,122,3,0,0,0,1,'2026-04-06 16:00:00','2026-05-14 16:00:00','2026-05-16 03:26:24'),(123,123,3,0,0,0,1,'2026-04-06 16:00:00','2026-05-14 16:00:00','2026-05-16 03:26:24'),(124,124,3,0,0,0,1,'2026-04-06 16:00:00','2026-06-14 16:00:00','2026-05-16 03:26:24'),(125,125,3,0,0,0,1,'2026-04-06 16:00:00','2026-05-14 16:00:00','2026-05-16 03:26:24'),(126,126,3,0,0,0,1,'2026-04-06 16:00:00','2026-05-14 16:00:00','2026-05-16 03:26:24'),(127,127,3,0,0,0,1,'2026-08-16 16:00:00','2026-09-16 16:00:00','2026-05-16 03:26:24'),(128,128,3,0,0,0,1,'2026-04-06 16:00:00','2026-05-14 16:00:00','2026-05-16 03:26:24'),(129,129,3,0,0,0,1,'2026-04-10 16:00:00','2026-05-18 16:00:00','2026-05-16 03:26:24'),(130,130,3,0,0,0,1,'2026-04-09 16:00:00','2026-05-17 16:00:00','2026-05-16 03:26:24'),(131,131,3,0,0,0,1,'2026-04-09 16:00:00','2026-05-17 16:00:00','2026-05-16 03:26:24'),(132,132,3,0,0,0,1,'2026-04-09 16:00:00','2026-05-17 16:00:00','2026-05-16 03:26:24'),(133,133,3,0,0,0,1,'2026-04-09 16:00:00','2026-06-17 16:00:00','2026-05-16 03:26:24'),(134,134,3,0,0,0,1,'2026-04-09 16:00:00','2026-05-17 16:00:00','2026-05-16 03:26:24'),(135,135,3,0,0,0,1,'2026-04-19 16:00:00','2026-08-27 16:00:00','2026-05-16 03:26:24'),(136,136,3,0,0,0,1,'2026-04-09 16:00:00','2026-05-17 16:00:00','2026-05-16 03:26:24'),(137,137,3,0,0,0,1,'2026-04-09 16:00:00','2026-05-17 16:00:00','2026-05-16 03:26:24'),(138,138,3,0,0,0,1,'2026-04-07 16:00:00','2026-07-15 16:00:00','2026-05-16 03:26:24'),(139,139,3,0,0,0,1,'2026-04-11 16:00:00','2026-05-19 16:00:00','2026-05-16 03:26:24'),(140,140,3,0,0,0,1,'2026-04-08 16:00:00','2026-07-16 16:00:00','2026-05-16 03:26:24'),(141,141,3,0,0,0,1,'2026-04-09 16:00:00','2026-07-17 16:00:00','2026-05-16 03:26:24'),(142,142,3,0,0,0,1,'2026-04-09 16:00:00','2026-06-17 16:00:00','2026-05-16 03:26:24'),(143,143,3,0,0,0,1,'2026-04-19 16:00:00','2026-05-27 16:00:00','2026-05-16 03:26:24'),(144,144,3,0,0,0,1,'2026-04-09 16:00:00','2026-05-17 16:00:00','2026-05-16 03:26:24'),(145,145,3,0,0,0,1,'2026-04-22 16:00:00','2026-05-30 16:00:00','2026-05-16 03:26:24'),(146,146,3,0,0,0,1,'2026-05-14 16:00:00','2026-06-14 16:00:00','2026-05-16 03:26:24'),(147,147,3,0,0,0,1,'2026-04-11 16:00:00','2026-05-19 16:00:00','2026-05-16 03:26:24'),(148,148,3,0,0,0,1,'2026-05-06 16:00:00','2026-06-06 16:00:00','2026-05-16 03:26:24'),(149,149,3,0,0,0,1,'2026-04-11 16:00:00','2026-05-19 16:00:00','2026-05-16 03:26:24'),(150,150,3,0,0,0,1,'2026-04-11 16:00:00','2026-05-19 16:00:00','2026-05-16 03:26:24'),(151,151,3,0,0,0,1,'2026-04-11 16:00:00','2026-05-19 16:00:00','2026-05-16 03:26:24'),(152,152,3,0,0,0,1,'2026-04-11 16:00:00','2026-05-19 16:00:00','2026-05-16 03:26:24'),(153,153,3,0,0,0,1,'2026-04-11 16:00:00','2026-05-19 16:00:00','2026-05-16 03:26:24'),(154,154,3,0,0,0,1,'2026-04-11 16:00:00','2026-05-19 16:00:00','2026-05-16 03:26:24'),(155,155,3,0,0,0,1,'2026-04-13 16:00:00','2026-05-21 16:00:00','2026-05-16 03:26:24'),(156,156,3,0,0,0,1,'2026-04-13 16:00:00','2026-05-21 16:00:00','2026-05-16 03:26:24'),(157,157,3,0,0,0,1,'2026-04-13 16:00:00','2026-05-21 16:00:00','2026-05-16 03:26:24'),(158,158,3,0,0,0,1,'2026-04-13 16:00:00','2026-05-21 16:00:00','2026-05-16 03:26:24'),(159,159,3,0,0,0,1,'2026-04-13 16:00:00','2026-07-21 16:00:00','2026-05-16 03:26:24'),(160,160,3,0,0,0,1,'2026-04-11 16:00:00','2026-07-19 16:00:00','2026-05-16 03:26:24'),(161,161,3,0,0,0,1,'2026-04-17 16:00:00','2026-05-25 16:00:00','2026-05-16 03:26:24'),(162,162,3,0,0,0,1,'2026-04-12 16:00:00','2026-05-20 16:00:00','2026-05-16 03:26:24'),(163,163,3,0,0,0,1,'2026-04-12 16:00:00','2026-05-20 16:00:00','2026-05-16 03:26:24'),(164,164,3,0,0,0,1,'2026-04-13 16:00:00','2026-05-21 16:00:00','2026-05-16 03:26:24'),(165,165,3,0,0,0,1,'2026-04-13 16:00:00','2026-05-21 16:00:00','2026-05-16 03:26:24'),(166,166,3,0,0,0,1,'2026-04-13 16:00:00','2026-05-21 16:00:00','2026-05-16 03:26:24'),(167,167,3,0,0,0,1,'2026-04-13 16:00:00','2026-05-21 16:00:00','2026-05-16 03:26:24'),(168,168,3,0,0,0,1,'2026-04-12 16:00:00','2026-08-20 16:00:00','2026-05-16 03:26:24'),(169,169,3,0,0,0,1,'2026-04-14 16:00:00','2026-05-22 16:00:00','2026-05-16 03:26:24'),(170,170,3,0,0,0,1,'2026-04-15 16:00:00','2026-05-23 16:00:00','2026-05-16 03:26:24'),(171,171,3,0,0,0,1,'2026-04-15 16:00:00','2026-07-23 16:00:00','2026-05-16 03:26:24'),(172,172,3,0,0,0,1,'2026-04-15 16:00:00','2026-05-23 16:00:00','2026-05-16 03:26:24'),(173,173,3,0,0,0,1,'2026-04-18 16:00:00','2026-05-26 16:00:00','2026-05-16 03:26:24'),(174,174,3,0,0,0,1,'2026-04-13 16:00:00','2026-07-21 16:00:00','2026-05-16 03:26:24'),(175,175,3,0,0,0,1,'2026-04-15 16:00:00','2026-07-23 16:00:00','2026-05-16 03:26:24'),(176,176,3,0,0,0,1,'2026-04-14 16:00:00','2026-05-22 16:00:00','2026-05-16 03:26:24'),(177,177,3,0,0,0,1,'2026-04-15 16:00:00','2026-07-23 16:00:00','2026-05-16 03:26:24'),(178,178,3,0,0,0,1,'2026-04-14 16:00:00','2026-05-22 16:00:00','2026-05-16 03:26:24'),(179,179,3,0,0,0,1,'2026-04-30 16:00:00','2026-06-08 16:00:00','2026-05-16 03:26:24'),(180,180,3,0,0,0,1,'2026-04-13 16:00:00','2026-05-21 16:00:00','2026-05-16 03:26:24'),(181,181,3,0,0,0,1,'2026-04-14 16:00:00','2026-05-22 16:00:00','2026-05-16 03:26:24'),(182,182,3,0,0,0,1,'2026-04-14 16:00:00','2026-05-22 16:00:00','2026-05-16 03:26:24'),(183,183,3,0,0,0,1,'2026-04-21 16:00:00','2026-05-29 16:00:00','2026-05-16 03:26:24'),(184,184,3,0,0,0,1,'2026-04-15 16:00:00','2026-05-23 16:00:00','2026-05-16 03:26:24'),(185,185,3,0,0,0,1,'2026-04-21 16:00:00','2026-05-29 16:00:00','2026-05-16 03:26:24'),(186,186,3,0,0,0,1,'2026-04-21 16:00:00','2026-05-29 16:00:00','2026-05-16 03:26:24'),(187,187,3,0,0,0,1,'2026-04-23 16:00:00','2026-05-31 16:00:00','2026-05-16 03:26:24'),(188,188,3,0,0,0,1,'2026-04-23 16:00:00','2026-05-31 16:00:00','2026-05-16 03:26:24'),(189,189,3,0,0,0,1,'2026-04-23 16:00:00','2026-05-31 16:00:00','2026-05-16 03:26:24'),(190,190,3,0,0,0,1,'2026-04-21 16:00:00','2026-05-29 16:00:00','2026-05-16 03:26:24'),(191,191,3,0,0,0,1,'2026-04-23 16:00:00','2026-05-31 16:00:00','2026-05-16 03:26:24'),(192,192,3,0,0,0,1,'2026-04-21 16:00:00','2026-05-29 16:00:00','2026-05-16 03:26:24'),(193,193,3,0,0,0,1,'2025-10-31 16:00:00','2027-01-31 16:00:00','2026-05-16 03:26:24'),(194,194,3,0,0,0,1,'2026-04-23 16:00:00','2026-05-31 16:00:00','2026-05-16 03:26:24'),(195,195,3,0,0,0,1,'2026-04-24 16:00:00','2026-05-31 16:00:00','2026-05-16 03:26:24'),(196,196,3,0,0,0,1,'2026-04-27 16:00:00','2026-06-04 16:00:00','2026-05-16 03:26:24'),(197,197,3,0,0,0,1,'2026-04-23 16:00:00','2026-07-31 16:00:00','2026-05-16 03:26:24'),(198,198,3,0,0,0,1,'2026-04-20 16:00:00','2026-05-28 16:00:00','2026-05-16 03:26:24'),(199,199,3,0,0,0,1,'2026-04-21 16:00:00','2026-05-29 16:00:00','2026-05-16 03:26:24'),(200,200,3,0,0,0,1,'2026-04-21 16:00:00','2026-05-29 16:00:00','2026-05-16 03:26:24'),(201,201,3,0,0,0,1,'2026-04-21 16:00:00','2026-05-29 16:00:00','2026-05-16 03:26:24'),(202,202,3,0,0,0,1,'2026-04-21 16:00:00','2026-05-29 16:00:00','2026-05-16 03:26:24'),(203,203,3,0,0,0,1,'2026-04-21 16:00:00','2026-05-29 16:00:00','2026-05-16 03:26:24'),(204,204,3,0,0,0,1,'2026-04-21 16:00:00','2026-05-29 16:00:00','2026-05-16 03:26:24'),(205,205,3,0,0,0,1,'2026-04-21 16:00:00','2026-05-29 16:00:00','2026-05-16 03:26:24'),(206,206,3,0,0,0,1,'2026-04-22 16:00:00','2026-06-30 16:00:00','2026-05-16 03:26:24'),(207,207,3,0,0,0,1,'2026-04-22 16:00:00','2026-05-30 16:00:00','2026-05-16 03:26:24'),(208,208,3,0,0,0,1,'2026-04-22 16:00:00','2026-05-30 16:00:00','2026-05-16 03:26:24'),(209,209,3,0,0,0,1,'2026-04-22 16:00:00','2026-05-30 16:00:00','2026-05-16 03:26:24'),(210,210,3,0,0,0,1,'2026-04-22 16:00:00','2026-05-30 16:00:00','2026-05-16 03:26:24'),(211,211,3,0,0,0,1,'2026-04-22 16:00:00','2026-05-30 16:00:00','2026-05-16 03:26:24'),(212,212,3,0,0,0,1,'2026-04-23 16:00:00','2026-05-31 16:00:00','2026-05-16 03:26:24'),(213,213,3,0,0,0,1,'2026-04-23 16:00:00','2026-05-31 16:00:00','2026-05-16 03:26:24'),(214,214,3,0,0,0,1,'2026-04-23 16:00:00','2026-05-31 16:00:00','2026-05-16 03:26:24'),(215,215,3,0,0,0,1,'2026-04-23 16:00:00','2026-05-31 16:00:00','2026-05-16 03:26:24'),(216,216,3,0,0,0,1,'2026-04-23 16:00:00','2026-07-01 16:00:00','2026-05-16 03:26:24'),(217,217,3,0,0,0,1,'2026-04-23 16:00:00','2026-05-31 16:00:00','2026-05-16 03:26:24'),(218,218,3,0,0,0,1,'2026-04-24 16:00:00','2026-06-01 16:00:00','2026-05-16 03:26:24'),(219,219,3,0,0,0,1,'2026-04-24 16:00:00','2026-08-01 16:00:00','2026-05-16 03:26:24'),(220,220,3,0,0,0,1,'2026-04-26 16:00:00','2026-06-03 16:00:00','2026-05-16 03:26:24'),(221,221,3,0,0,0,1,'2026-04-26 16:00:00','2026-06-03 16:00:00','2026-05-16 03:26:24'),(222,222,3,0,0,0,1,'2026-04-26 16:00:00','2026-06-03 16:00:00','2026-05-16 03:26:24'),(223,223,3,0,0,0,1,'2026-04-26 16:00:00','2026-06-03 16:00:00','2026-05-16 03:26:24'),(224,224,3,0,0,0,1,'2026-04-26 16:00:00','2026-08-03 16:00:00','2026-05-16 03:26:24'),(225,225,3,0,0,0,1,'2026-04-27 16:00:00','2026-06-04 16:00:00','2026-05-16 03:26:24'),(226,226,3,0,0,0,1,'2026-04-27 16:00:00','2026-06-04 16:00:00','2026-05-16 03:26:24'),(227,227,3,0,0,0,1,'2026-04-27 16:00:00','2026-06-04 16:00:00','2026-05-16 03:26:24'),(228,228,3,0,0,0,1,'2026-04-27 16:00:00','2026-06-04 16:00:00','2026-05-16 03:26:24'),(229,229,3,0,0,0,1,'2026-04-27 16:00:00','2026-06-04 16:00:00','2026-05-16 03:26:24'),(230,230,3,0,0,0,1,'2026-04-27 16:00:00','2026-06-04 16:00:00','2026-05-16 03:26:24'),(231,231,3,0,0,0,1,'2026-04-26 16:00:00','2026-08-03 16:00:00','2026-05-16 03:26:24'),(232,232,3,0,0,0,1,'2026-04-29 16:00:00','2026-06-06 16:00:00','2026-05-16 03:26:24'),(233,233,3,0,0,0,1,'2026-04-27 16:00:00','2026-06-04 16:00:00','2026-05-16 03:26:24'),(234,234,3,0,0,0,1,'2026-04-28 16:00:00','2026-06-05 16:00:00','2026-05-16 03:26:24'),(235,235,3,0,0,0,1,'2026-04-28 16:00:00','2026-06-05 16:00:00','2026-05-16 03:26:24'),(236,236,3,0,0,0,1,'2026-05-06 16:00:00','2026-06-06 16:00:00','2026-05-16 03:26:24'),(237,237,3,0,0,0,1,'2026-04-28 16:00:00','2026-06-05 16:00:00','2026-05-16 03:26:24'),(238,238,3,0,0,0,1,'2026-05-05 16:00:00','2026-06-05 16:00:00','2026-05-16 03:26:24'),(239,239,3,0,0,0,1,'2026-05-12 16:00:00','2026-06-12 16:00:00','2026-05-16 03:26:24'),(240,240,3,0,0,0,1,'2026-05-05 16:00:00','2026-06-05 16:00:00','2026-05-16 03:26:24'),(241,241,3,0,0,0,1,'2026-05-05 16:00:00','2026-06-05 16:00:00','2026-05-16 03:26:24'),(242,242,3,0,0,0,1,'2026-05-05 16:00:00','2026-06-05 16:00:00','2026-05-16 03:26:24'),(243,243,3,0,0,0,1,'2026-05-05 16:00:00','2026-06-05 16:00:00','2026-05-16 03:26:24'),(244,244,3,0,0,0,1,'2026-05-05 16:00:00','2026-06-05 16:00:00','2026-05-16 03:26:24'),(245,245,3,0,0,0,1,'2026-05-05 16:00:00','2026-06-05 16:00:00','2026-05-16 03:26:24'),(246,246,3,0,0,0,1,'2026-05-05 16:00:00','2026-06-05 16:00:00','2026-05-16 03:26:24'),(247,247,3,0,0,0,1,'2026-05-05 16:00:00','2026-06-05 16:00:00','2026-05-16 03:26:24'),(248,248,3,0,0,0,1,'2026-05-05 16:00:00','2026-06-05 16:00:00','2026-05-16 03:26:24'),(249,249,3,0,0,0,1,'2026-05-05 16:00:00','2026-06-05 16:00:00','2026-05-16 03:26:24'),(250,250,3,0,0,0,1,'2026-05-05 16:00:00','2026-06-05 16:00:00','2026-05-16 03:26:24'),(251,251,3,0,0,0,1,'2026-05-05 16:00:00','2026-06-05 16:00:00','2026-05-16 03:26:24'),(252,252,3,0,0,0,1,'2026-05-05 16:00:00','2026-06-05 16:00:00','2026-05-16 03:26:24'),(253,253,3,0,0,0,1,'2026-05-05 16:00:00','2026-06-05 16:00:00','2026-05-16 03:26:24'),(254,254,3,0,0,0,1,'2026-05-05 16:00:00','2026-06-05 16:00:00','2026-05-16 03:26:24'),(255,255,3,0,0,0,1,'2026-05-05 16:00:00','2026-06-05 16:00:00','2026-05-16 03:26:24'),(256,256,3,0,0,0,1,'2026-05-05 16:00:00','2026-06-05 16:00:00','2026-05-16 03:26:24'),(257,257,3,0,0,0,1,'2026-05-05 16:00:00','2026-06-05 16:00:00','2026-05-16 03:26:24'),(258,258,3,0,0,0,1,'2026-05-05 16:00:00','2026-06-05 16:00:00','2026-05-16 03:26:24'),(259,259,3,0,0,0,1,'2026-05-05 16:00:00','2026-06-05 16:00:00','2026-05-16 03:26:24'),(260,260,3,0,0,0,1,'2026-05-05 16:00:00','2026-06-05 16:00:00','2026-05-16 03:26:24'),(261,261,3,0,0,0,1,'2026-05-05 16:00:00','2026-06-05 16:00:00','2026-05-16 03:26:24'),(262,262,3,0,0,0,1,'2026-05-05 16:00:00','2026-06-05 16:00:00','2026-05-16 03:26:24'),(263,263,3,0,0,0,1,'2026-05-05 16:00:00','2026-07-05 16:00:00','2026-05-16 03:26:24'),(264,264,3,0,0,0,1,'2026-05-05 16:00:00','2026-06-05 16:00:00','2026-05-16 03:26:24'),(265,265,3,0,0,0,1,'2026-05-05 16:00:00','2026-06-05 16:00:00','2026-05-16 03:26:24'),(266,266,3,0,0,0,1,'2026-05-06 16:00:00','2026-07-06 16:00:00','2026-05-16 03:26:24'),(267,267,3,0,0,0,1,'2026-05-06 16:00:00','2026-06-06 16:00:00','2026-05-16 03:26:24'),(268,268,3,0,0,0,1,'2026-05-05 16:00:00','2026-06-05 16:00:00','2026-05-16 03:26:24'),(269,269,3,0,0,0,1,'2025-05-05 16:00:00','2026-08-05 16:00:00','2026-05-16 03:26:24'),(270,270,3,0,0,0,1,'2026-05-05 16:00:00','2026-06-05 16:00:00','2026-05-16 03:26:24'),(271,271,3,0,0,0,1,'2026-05-05 16:00:00','2026-06-05 16:00:00','2026-05-16 03:26:24'),(272,272,3,0,0,0,1,'2026-05-05 16:00:00','2026-06-05 16:00:00','2026-05-16 03:26:24'),(273,273,3,0,0,0,1,'2026-05-05 16:00:00','2026-06-05 16:00:00','2026-05-16 03:26:24'),(274,274,3,0,0,0,1,'2026-05-05 16:00:00','2026-06-05 16:00:00','2026-05-16 03:26:24'),(275,275,3,0,0,0,1,'2026-05-05 16:00:00','2026-06-05 16:00:00','2026-05-16 03:26:24'),(276,276,3,0,0,0,1,'2026-05-05 16:00:00','2026-06-05 16:00:00','2026-05-16 03:26:24'),(277,277,3,0,0,0,1,'2026-05-05 16:00:00','2026-06-05 16:00:00','2026-05-16 03:26:24'),(278,278,3,0,0,0,1,'2026-05-05 16:00:00','2026-06-05 16:00:00','2026-05-16 03:26:24'),(279,279,3,0,0,0,1,'2026-05-05 16:00:00','2026-06-05 16:00:00','2026-05-16 03:26:24'),(280,280,3,0,0,0,1,'2026-05-05 16:00:00','2026-06-05 16:00:00','2026-05-16 03:26:24'),(281,281,3,0,0,0,1,'2026-05-05 16:00:00','2026-06-05 16:00:00','2026-05-16 03:26:24'),(282,282,3,0,0,0,1,'2026-05-05 16:00:00','2026-06-05 16:00:00','2026-05-16 03:26:24'),(283,283,3,0,0,0,1,'2026-05-05 16:00:00','2026-06-05 16:00:00','2026-05-16 03:26:24'),(284,284,3,0,0,0,1,'2026-05-05 16:00:00','2026-06-05 16:00:00','2026-05-16 03:26:24'),(285,285,3,0,0,0,1,'2026-05-05 16:00:00','2026-06-05 16:00:00','2026-05-16 03:26:24'),(286,286,3,0,0,0,1,'2026-05-05 16:00:00','2026-06-05 16:00:00','2026-05-16 03:26:24'),(287,287,3,0,0,0,1,'2026-05-05 16:00:00','2026-06-05 16:00:00','2026-05-16 03:26:24'),(288,288,3,0,0,0,1,'2026-05-05 16:00:00','2026-06-05 16:00:00','2026-05-16 03:26:24'),(289,289,3,0,0,0,1,'2026-05-05 16:00:00','2026-06-05 16:00:00','2026-05-16 03:26:24'),(290,290,3,0,0,0,1,'2026-05-06 16:00:00','2026-06-06 16:00:00','2026-05-16 03:26:24'),(291,291,3,0,0,0,1,'2026-05-05 16:00:00','2026-06-05 16:00:00','2026-05-16 03:26:24'),(292,292,3,0,0,0,1,'2026-05-09 16:00:00','2026-06-09 16:00:00','2026-05-16 03:26:24'),(293,293,3,0,0,0,1,'2026-06-05 16:00:00','2026-08-05 16:00:00','2026-05-16 03:26:24'),(294,294,3,0,0,0,1,'2026-04-09 16:00:00','2026-11-17 16:00:00','2026-05-16 03:26:24'),(295,295,3,0,0,0,1,NULL,NULL,'2026-05-16 03:26:24'),(296,296,3,0,0,0,1,NULL,NULL,'2026-05-16 03:26:24'),(297,297,3,0,0,0,1,NULL,NULL,'2026-05-16 03:26:24'),(298,298,3,0,0,0,1,'2026-05-06 16:00:00','2026-06-06 16:00:00','2026-05-16 03:26:24'),(299,299,3,0,0,0,1,'2026-05-06 16:00:00','2026-06-06 16:00:00','2026-05-16 03:26:24'),(300,300,3,0,0,0,1,'2026-05-06 16:00:00','2026-08-06 16:00:00','2026-05-16 03:26:24'),(301,301,3,0,0,0,1,'2026-05-06 16:00:00','2026-06-06 16:00:00','2026-05-16 03:26:24'),(302,302,3,0,0,0,1,'2026-05-07 16:00:00','2026-06-07 16:00:00','2026-05-16 03:26:24'),(303,303,3,0,0,0,1,'2026-05-07 16:00:00','2026-06-07 16:00:00','2026-05-16 03:26:24'),(304,304,3,0,0,0,1,'2026-05-08 16:00:00','2026-08-07 16:00:00','2026-05-16 03:26:24'),(305,305,3,0,0,0,1,'2026-05-07 16:00:00','2026-06-07 16:00:00','2026-05-16 03:26:24'),(306,306,3,0,0,0,1,'2026-05-07 16:00:00','2026-06-07 16:00:00','2026-05-16 03:26:24'),(307,307,3,0,0,0,1,'2026-05-08 16:00:00','2026-06-08 16:00:00','2026-05-16 03:26:24'),(308,308,3,0,0,0,1,'2026-05-08 16:00:00','2026-06-08 16:00:00','2026-05-16 03:26:24'),(309,309,3,0,0,0,1,'2026-05-08 16:00:00','2026-06-08 16:00:00','2026-05-16 03:26:24'),(310,310,3,0,0,0,1,'2026-05-08 16:00:00','2026-06-08 16:00:00','2026-05-16 03:26:24'),(311,311,3,0,0,0,1,'2026-05-08 16:00:00','2026-06-08 16:00:00','2026-05-16 03:26:24'),(312,312,3,0,0,0,1,'2026-05-08 16:00:00','2026-06-08 16:00:00','2026-05-16 03:26:24'),(313,313,3,0,0,0,1,'2026-05-08 16:00:00','2026-06-08 16:00:00','2026-05-16 03:26:24'),(314,314,3,0,0,0,1,'2026-05-07 16:00:00','2026-08-07 16:00:00','2026-05-16 03:26:24'),(315,315,3,0,0,0,1,'2026-05-07 16:00:00','2026-06-07 16:00:00','2026-05-16 03:26:24'),(316,316,3,0,0,0,1,'2026-06-05 16:00:00','2026-07-05 16:00:00','2026-05-16 03:26:24'),(317,317,3,0,0,0,1,'2026-05-11 16:00:00','2026-06-11 16:00:00','2026-05-16 03:26:24'),(318,318,3,0,0,0,1,'2026-05-11 16:00:00','2026-06-11 16:00:00','2026-05-16 03:26:24'),(319,319,3,0,0,0,1,'2026-05-13 16:00:00','2026-06-13 16:00:00','2026-05-16 03:26:24'),(320,320,3,0,0,0,1,'2026-05-10 16:00:00','2026-06-10 16:00:00','2026-05-16 03:26:24'),(321,321,3,0,0,0,1,'2026-05-10 16:00:00','2026-06-10 16:00:00','2026-05-16 03:26:24'),(322,322,3,0,0,0,1,'2026-05-10 16:00:00','2026-06-10 16:00:00','2026-05-16 03:26:24'),(323,323,3,0,0,0,1,'2026-05-10 16:00:00','2026-06-10 16:00:00','2026-05-16 03:26:24'),(324,324,3,0,0,0,1,'2026-05-10 16:00:00','2026-06-10 16:00:00','2026-05-16 03:26:24'),(325,325,3,0,0,0,1,'2026-05-10 16:00:00','2026-06-10 16:00:00','2026-05-16 03:26:24'),(326,326,3,0,0,0,1,'2026-05-10 16:00:00','2026-06-10 16:00:00','2026-05-16 03:26:24'),(327,327,3,0,0,0,1,'2026-05-08 16:00:00','2026-06-08 16:00:00','2026-05-16 03:26:24'),(328,328,3,0,0,0,1,'2026-05-14 16:00:00','2026-08-14 16:00:00','2026-05-16 03:26:24'),(329,329,3,0,0,0,1,'2026-05-11 16:00:00','2026-06-11 16:00:00','2026-05-16 03:26:24'),(330,330,3,0,0,0,1,'2026-05-10 16:00:00','2026-06-10 16:00:00','2026-05-16 03:26:24'),(331,331,3,0,0,0,1,'2026-05-10 16:00:00','2026-06-10 16:00:00','2026-05-16 03:26:24'),(332,332,3,0,0,0,1,'2026-05-10 16:00:00','2026-06-10 16:00:00','2026-05-16 03:26:24'),(333,333,3,0,0,0,1,'2026-05-10 16:00:00','2026-06-10 16:00:00','2026-05-16 03:26:24'),(334,334,3,0,0,0,1,'2026-05-11 16:00:00','2026-06-11 16:00:00','2026-05-16 03:26:24'),(335,335,3,0,0,0,1,'2026-05-11 16:00:00','2026-06-11 16:00:00','2026-05-16 03:26:24'),(336,336,3,0,0,0,1,'2026-05-11 16:00:00','2026-06-11 16:00:00','2026-05-16 03:26:24'),(337,337,3,0,0,0,1,'2026-05-11 16:00:00','2026-06-11 16:00:00','2026-05-16 03:26:24'),(338,338,3,0,0,0,1,'2026-05-11 16:00:00','2026-06-11 16:00:00','2026-05-16 03:26:24'),(339,339,3,0,0,0,1,'2026-05-11 16:00:00','2026-06-11 16:00:00','2026-05-16 03:26:24'),(340,340,3,0,0,0,1,'2026-05-11 16:00:00','2026-06-11 16:00:00','2026-05-16 03:26:24'),(341,341,3,0,0,0,1,'2026-05-11 16:00:00','2026-06-11 16:00:00','2026-05-16 03:26:24'),(342,342,3,0,0,0,1,'2026-05-11 16:00:00','2026-06-11 16:00:00','2026-05-16 03:26:24'),(343,343,3,0,0,0,1,'2026-05-11 16:00:00','2026-06-11 16:00:00','2026-05-16 03:26:24'),(344,344,3,0,0,0,1,'2026-05-11 16:00:00','2026-06-11 16:00:00','2026-05-16 03:26:24'),(345,345,3,0,0,0,1,'2026-05-11 16:00:00','2026-06-11 16:00:00','2026-05-16 03:26:24'),(346,346,3,0,0,0,1,'2026-05-11 16:00:00','2026-06-11 16:00:00','2026-05-16 03:26:24'),(347,347,3,0,0,0,1,'2026-05-11 16:00:00','2026-06-11 16:00:00','2026-05-16 03:26:24'),(348,348,3,0,0,0,1,'2026-05-11 16:00:00','2026-06-11 16:00:00','2026-05-16 03:26:24'),(349,349,3,0,0,0,1,'2026-05-11 16:00:00','2026-06-11 16:00:00','2026-05-16 03:26:24'),(350,350,3,0,0,0,1,'2026-05-11 16:00:00','2026-06-11 16:00:00','2026-05-16 03:26:24'),(351,351,3,0,0,0,1,'2026-05-17 16:00:00','2026-06-17 16:00:00','2026-05-16 03:26:24'),(352,352,3,0,0,0,1,'2026-05-12 16:00:00','2026-06-12 16:00:00','2026-05-16 03:26:24'),(353,353,3,0,0,0,1,'2026-05-11 16:00:00','2026-06-11 16:00:00','2026-05-16 03:26:24'),(354,354,3,0,0,0,1,'2026-05-15 16:00:00','2026-08-15 16:00:00','2026-05-16 03:26:24'),(355,355,3,0,0,0,1,'2026-05-12 16:00:00','2026-06-12 16:00:00','2026-05-16 03:26:24'),(356,356,3,0,0,0,1,'2026-05-12 16:00:00','2026-06-12 16:00:00','2026-05-16 03:26:24'),(357,357,3,0,0,0,1,'2026-05-12 16:00:00','2026-06-12 16:00:00','2026-05-16 03:26:24'),(358,358,3,0,0,0,1,'2026-05-17 16:00:00','2026-08-17 16:00:00','2026-05-16 03:26:24'),(359,359,3,0,0,0,1,'2026-05-14 16:00:00','2026-06-14 16:00:00','2026-05-16 03:26:24'),(360,360,3,0,0,0,1,'2026-05-12 16:00:00','2026-06-12 16:00:00','2026-05-16 03:26:24'),(361,361,3,0,0,0,1,'2026-05-12 16:00:00','2026-06-12 16:00:00','2026-05-16 03:26:24'),(362,362,3,0,0,0,1,'2026-05-12 16:00:00','2026-06-12 16:00:00','2026-05-16 03:26:24'),(363,363,3,0,0,0,1,'2026-05-12 16:00:00','2026-06-12 16:00:00','2026-05-16 03:26:24'),(364,364,3,0,0,0,1,'2026-05-12 16:00:00','2026-06-12 16:00:00','2026-05-16 03:26:24'),(365,365,3,0,0,0,1,'2026-05-12 16:00:00','2026-06-12 16:00:00','2026-05-16 03:26:24'),(366,366,3,0,0,0,1,'2026-05-11 16:00:00','2026-06-11 16:00:00','2026-05-16 03:26:24'),(367,367,3,0,0,0,1,'2026-05-17 16:00:00','2026-06-17 16:00:00','2026-05-16 03:26:24'),(368,368,3,0,0,0,1,'2026-05-13 16:00:00','2026-06-13 16:00:00','2026-05-16 03:26:24'),(369,369,3,0,0,0,1,'2026-05-13 16:00:00','2026-06-13 16:00:00','2026-05-16 03:26:24'),(370,370,3,0,0,0,1,'2026-05-13 16:00:00','2026-06-13 16:00:00','2026-05-16 03:26:24'),(371,371,3,0,0,0,1,'2026-05-14 16:00:00','2026-06-14 16:00:00','2026-05-16 03:26:24'),(372,372,3,0,0,0,1,'2026-06-08 16:00:00','2026-07-08 16:00:00','2026-05-16 03:26:24'),(373,373,3,0,0,0,1,'2026-06-08 16:00:00','2026-07-08 16:00:00','2026-05-16 03:26:24'),(374,374,3,0,0,0,1,'2026-05-14 16:00:00','2026-06-14 16:00:00','2026-05-16 03:26:24'),(375,375,3,0,0,0,1,'2026-05-14 16:00:00','2026-06-14 16:00:00','2026-05-16 03:26:24'),(376,376,3,0,0,0,1,'2026-05-14 16:00:00','2026-06-14 16:00:00','2026-05-16 03:26:24'),(377,377,3,0,0,0,1,'2026-05-14 16:00:00','2026-08-14 16:00:00','2026-05-16 03:26:24'),(378,378,3,0,0,0,1,'2026-05-14 16:00:00','2026-06-14 16:00:00','2026-05-16 03:26:24'),(379,379,3,0,0,0,1,'2026-05-14 16:00:00','2026-06-14 16:00:00','2026-05-16 03:26:24'),(380,380,3,0,0,0,1,'2026-05-14 16:00:00','2026-06-14 16:00:00','2026-05-16 03:26:24'),(381,381,3,0,0,0,1,'2026-05-15 16:00:00','2026-06-15 16:00:00','2026-05-16 03:26:24'),(382,382,3,2,0,0,1,NULL,NULL,'2026-05-16 03:45:59'),(383,383,3,8,0,0,1,NULL,NULL,'2026-05-16 03:45:59'),(384,384,3,1,0,0,1,NULL,NULL,'2026-05-16 03:45:59'),(385,385,3,1,0,0,1,NULL,NULL,'2026-05-16 03:45:59'),(386,386,3,5,0,0,1,NULL,NULL,'2026-05-16 03:45:59'),(387,387,3,4,0,0,1,NULL,NULL,'2026-05-16 03:45:59'),(388,388,3,7,0,0,1,NULL,NULL,'2026-05-16 03:45:59'),(389,389,3,6,0,0,1,NULL,NULL,'2026-05-16 03:45:59'),(390,390,3,0,0,0,1,NULL,NULL,'2026-05-16 03:45:59'),(391,391,3,2,0,0,1,NULL,NULL,'2026-05-16 03:45:59'),(392,392,3,2,0,0,1,NULL,NULL,'2026-05-16 03:45:59'),(393,393,3,2,0,0,1,NULL,NULL,'2026-05-16 03:45:59'),(394,394,3,3,0,0,1,NULL,NULL,'2026-05-16 03:45:59'),(395,395,3,3,0,0,1,NULL,NULL,'2026-05-16 03:45:59'),(396,396,3,1,0,0,1,NULL,NULL,'2026-05-16 03:45:59'),(397,397,3,10,0,0,1,NULL,NULL,'2026-05-16 03:45:59'),(398,398,3,8,0,0,1,NULL,NULL,'2026-05-16 03:45:59'),(399,399,3,1,0,0,1,NULL,NULL,'2026-05-16 03:45:59'),(400,400,3,1,0,0,1,NULL,NULL,'2026-05-16 03:45:59'),(401,401,3,1,0,0,1,NULL,NULL,'2026-05-16 03:45:59'),(402,402,3,1,0,0,1,NULL,NULL,'2026-05-16 03:45:59'),(403,403,3,1,0,0,1,NULL,NULL,'2026-05-16 03:45:59'),(404,404,3,1,0,0,1,NULL,NULL,'2026-05-16 03:45:59'),(405,405,3,1,0,0,1,NULL,NULL,'2026-05-16 03:45:59'),(406,406,3,2,0,0,1,'2025-02-12 16:00:00','2025-07-12 16:00:00','2026-05-16 03:45:59'),(407,407,3,1,0,0,1,'2025-02-17 16:00:00','2025-07-23 16:00:00','2026-05-16 03:45:59'),(408,408,3,1,0,0,1,'2025-02-17 16:00:00','2025-07-17 16:00:00','2026-05-16 03:45:59'),(409,409,3,1,0,0,1,'2025-05-15 16:00:00','2025-10-15 16:00:00','2026-05-16 03:45:59'),(410,410,3,19,0,0,1,'2025-06-30 16:00:00',NULL,'2026-05-16 03:45:59'),(411,411,3,4,0,0,1,'2025-07-24 16:00:00',NULL,'2026-05-16 03:45:59'),(412,412,3,1,0,0,1,'2025-09-04 16:00:00','2026-02-16 16:00:00','2026-05-16 03:45:59'),(413,413,3,10,0,0,1,'2025-09-10 16:00:00','2025-12-16 16:00:00','2026-05-16 03:45:59'),(414,414,3,4,0,0,1,'2025-09-13 16:00:00','2026-04-12 16:00:00','2026-05-16 03:45:59'),(415,415,3,21,1,0,1,'2025-09-19 16:00:00','2026-06-18 16:00:00','2026-05-16 03:45:59'),(416,416,3,1,0,0,1,'2026-03-04 16:00:00','2026-06-12 16:00:00','2026-05-16 03:45:59'),(417,417,3,24,0,0,1,'2025-10-15 16:00:00','2026-02-14 16:00:00','2026-05-16 03:45:59'),(418,418,3,4,0,0,1,'2025-10-16 16:00:00','2026-02-15 16:00:00','2026-05-16 03:45:59'),(419,419,3,13,0,0,1,'2025-10-20 16:00:00','2026-02-19 16:00:00','2026-05-16 03:45:59'),(420,420,3,2,0,0,1,'2025-10-20 16:00:00','2026-02-19 16:00:00','2026-05-16 03:45:59'),(421,421,3,2,0,0,1,'2025-10-21 16:00:00','2026-02-20 16:00:00','2026-05-16 03:45:59'),(422,422,3,10,0,0,1,'2025-10-25 16:00:00','2026-02-24 16:00:00','2026-05-16 03:45:59'),(423,423,3,16,0,0,1,'2025-10-28 16:00:00','2026-02-27 16:00:00','2026-05-16 03:45:59'),(424,424,3,2,0,0,1,'2025-10-30 16:00:00','2025-12-22 16:00:00','2026-05-16 03:45:59'),(425,425,3,1,0,0,1,'2025-11-02 16:00:00','2026-03-04 16:00:00','2026-05-16 03:45:59'),(426,426,3,8,0,0,1,'2025-11-02 16:00:00','2026-03-04 16:00:00','2026-05-16 03:45:59'),(427,427,3,18,0,0,1,'2025-11-02 16:00:00','2026-06-01 16:00:00','2026-05-16 03:45:59'),(428,428,3,1,0,0,1,'2025-11-05 16:00:00','2026-03-07 16:00:00','2026-05-16 03:45:59'),(429,429,3,2,0,0,1,'2025-11-08 16:00:00','2026-06-07 16:00:00','2026-05-16 03:45:59'),(430,430,3,3,0,0,1,'2025-11-09 16:00:00','2026-03-11 16:00:00','2026-05-16 03:45:59'),(431,431,3,0,0,0,1,'2025-11-09 16:00:00','2026-03-11 16:00:00','2026-05-16 03:45:59'),(432,432,3,4,0,0,1,'2025-11-10 16:00:00','2026-07-10 16:00:00','2026-05-16 03:45:59'),(433,433,3,1,0,0,1,'2025-11-12 16:00:00','2026-01-11 16:00:00','2026-05-16 03:45:59'),(434,434,3,20,0,0,1,'2025-11-15 16:00:00','2026-03-17 16:00:00','2026-05-16 03:45:59'),(435,435,3,13,0,0,1,'2025-11-20 16:00:00','2026-03-22 16:00:00','2026-05-16 03:45:59'),(436,436,3,4,0,0,1,'2025-11-22 16:00:00','2026-03-24 16:00:00','2026-05-16 03:45:59'),(437,437,3,11,0,0,1,'2025-12-06 16:00:00','2026-04-05 16:00:00','2026-05-16 03:45:59'),(438,438,3,3,0,0,1,'2025-12-01 16:00:00','2026-04-30 16:00:00','2026-05-16 03:45:59'),(439,439,3,5,0,0,1,'2026-04-16 16:00:00','2026-08-23 16:00:00','2026-05-16 03:45:59'),(440,440,3,7,0,0,1,'2025-12-20 16:00:00','2026-02-19 16:00:00','2026-05-16 03:45:59'),(441,441,3,0,0,0,1,'2026-01-02 16:00:00','2026-05-02 16:00:00','2026-05-16 03:45:59'),(442,442,3,15,0,0,1,'2026-01-11 16:00:00','2026-05-30 16:00:00','2026-05-16 03:45:59'),(443,443,3,27,0,0,1,'2026-01-12 16:00:00','2026-06-17 16:00:00','2026-05-16 03:45:59'),(444,444,3,15,0,0,1,'2026-01-12 16:00:00','2026-03-14 16:00:00','2026-05-16 03:45:59'),(445,445,3,16,0,0,1,'2026-01-13 16:00:00','2026-03-15 16:00:00','2026-05-16 03:45:59'),(446,446,3,5,0,0,1,'2026-01-14 16:00:00','2026-03-16 16:00:00','2026-05-16 03:45:59'),(447,447,3,1,0,0,1,'2026-01-14 16:00:00','2026-05-14 16:00:00','2026-05-16 03:45:59'),(448,448,3,2,0,0,1,'2026-01-18 16:00:00','2026-03-20 16:00:00','2026-05-16 03:45:59'),(449,449,3,1,0,0,1,'2026-01-21 16:00:00','2026-05-21 16:00:00','2026-05-16 03:45:59'),(450,450,3,1,0,0,1,'2026-01-25 16:00:00','2026-05-25 16:00:00','2026-05-16 03:45:59'),(451,451,3,0,0,0,1,'2026-03-03 16:00:00','2026-06-11 16:00:00','2026-05-16 03:45:59'),(452,452,3,7,0,0,1,'2026-03-31 16:00:00','2026-07-08 16:00:00','2026-05-16 03:45:59'),(453,453,3,2,0,0,1,'2026-03-03 16:00:00','2026-06-11 16:00:00','2026-05-16 03:45:59'),(454,454,3,37,0,0,1,'2026-03-03 16:00:00','2026-09-11 16:00:00','2026-05-16 03:45:59'),(455,455,3,5,0,0,1,'2026-03-03 16:00:00','2026-06-11 16:00:00','2026-05-16 03:45:59'),(456,456,3,3,0,0,1,'2026-04-03 16:00:00','2026-06-11 16:00:00','2026-05-16 03:45:59'),(457,457,3,3,0,0,1,'2026-03-03 16:00:00','2026-06-11 16:00:00','2026-05-16 03:45:59'),(458,458,3,3,0,0,1,'2026-03-03 16:00:00','2026-06-11 16:00:00','2026-05-16 03:45:59'),(459,459,3,9,0,0,1,'2026-03-04 16:00:00','2026-06-12 16:00:00','2026-05-16 03:45:59'),(460,460,3,4,0,0,1,'2026-03-04 16:00:00','2026-06-12 16:00:00','2026-05-16 03:45:59'),(461,461,3,2,0,0,1,'2026-03-04 16:00:00','2026-06-12 16:00:00','2026-05-16 03:45:59'),(462,462,3,21,0,0,1,'2026-03-04 16:00:00','2026-06-12 16:00:00','2026-05-16 03:45:59'),(463,463,3,2,0,0,1,'2026-03-03 16:00:00','2026-06-11 16:00:00','2026-05-16 03:45:59'),(464,464,3,3,0,0,1,'2026-03-06 16:00:00','2026-06-14 16:00:00','2026-05-16 03:45:59'),(465,465,3,11,0,0,1,'2026-03-06 16:00:00','2026-06-14 16:00:00','2026-05-16 03:45:59'),(466,466,3,24,0,0,1,'2026-03-08 16:00:00','2026-06-16 16:00:00','2026-05-16 03:45:59'),(467,467,3,2,0,0,1,'2026-03-08 16:00:00','2026-06-16 16:00:00','2026-05-16 03:45:59'),(468,468,3,4,0,0,1,'2026-03-10 16:00:00','2026-06-07 16:00:00','2026-05-16 03:45:59'),(469,469,3,15,0,0,1,'2026-03-11 16:00:00','2026-06-19 16:00:00','2026-05-16 03:45:59'),(470,470,3,56,1,0,1,'2026-06-03 16:00:00','2026-12-01 16:00:00','2026-05-16 03:45:59'),(471,471,3,22,0,0,1,'2025-03-12 16:00:00','2026-03-12 16:00:00','2026-05-16 03:45:59'),(472,472,3,5,0,0,1,'2025-03-15 16:00:00','2026-04-29 16:00:00','2026-05-16 03:45:59'),(473,473,3,0,0,0,1,'2025-04-06 16:00:00','2026-05-06 16:00:00','2026-05-16 03:45:59'),(474,474,3,13,0,0,1,'2025-03-14 16:00:00','2026-06-14 16:00:00','2026-05-16 03:45:59'),(475,475,3,22,0,0,1,'2026-03-16 16:00:00','2026-06-24 16:00:00','2026-05-16 03:45:59'),(476,476,3,1,0,0,1,'2026-03-17 16:00:00','2026-04-25 16:00:00','2026-05-16 03:45:59'),(477,477,3,16,0,0,1,'2026-03-17 16:00:00','2026-06-25 16:00:00','2026-05-16 03:45:59'),(478,478,3,3,0,0,1,'2026-03-19 16:00:00','2026-06-27 16:00:00','2026-05-16 03:45:59'),(479,479,3,0,0,0,1,'2026-03-23 16:00:00','2026-05-01 16:00:00','2026-05-16 03:45:59'),(480,480,3,4,0,0,1,'2026-03-23 16:00:00',NULL,'2026-05-16 03:45:59'),(481,481,3,13,0,0,1,'2026-03-23 16:00:00','2026-07-01 16:00:00','2026-05-16 03:45:59'),(482,482,3,20,0,0,1,'2026-03-25 16:00:00','2026-07-03 16:00:00','2026-05-16 03:45:59'),(483,483,3,1,0,0,1,'2026-03-26 16:00:00','2026-07-04 16:00:00','2026-05-16 03:45:59'),(484,484,3,0,0,0,1,'2026-03-31 16:00:00','2026-05-08 16:00:00','2026-05-16 03:45:59'),(485,485,3,27,0,0,1,'2026-03-20 16:00:00',NULL,'2026-05-16 03:45:59'),(486,486,3,0,0,0,1,'2026-04-06 16:00:00','2026-05-14 16:00:00','2026-05-16 03:45:59'),(487,487,3,0,0,0,1,'2026-04-09 16:00:00','2026-06-17 16:00:00','2026-05-16 03:45:59'),(488,488,3,0,0,0,1,'2026-04-06 16:00:00','2026-05-14 16:00:00','2026-05-16 03:45:59'),(489,489,3,0,0,0,1,'2026-04-06 16:00:00','2026-05-14 16:00:00','2026-05-16 03:45:59'),(490,490,3,0,0,0,1,'2026-04-06 16:00:00','2026-05-14 16:00:00','2026-05-16 03:45:59'),(491,491,3,0,0,0,1,'2026-04-06 16:00:00','2026-05-14 16:00:00','2026-05-16 03:45:59'),(492,492,3,1,0,0,1,'2026-04-06 16:00:00','2026-05-14 16:00:00','2026-05-16 03:45:59'),(493,493,3,24,0,0,1,'2026-04-11 16:00:00','2026-07-19 16:00:00','2026-05-16 03:45:59'),(494,494,3,1,2,0,1,'2026-04-06 16:00:00','2026-05-14 16:00:00','2026-05-16 03:45:59'),(495,495,3,0,0,0,1,'2026-04-06 16:00:00','2026-05-14 16:00:00','2026-05-16 03:45:59'),(496,496,3,0,0,0,1,'2026-04-06 16:00:00','2026-05-14 16:00:00','2026-05-16 03:45:59'),(497,497,3,2,0,0,1,'2026-04-06 16:00:00','2026-05-14 16:00:00','2026-05-16 03:45:59'),(498,498,3,0,0,0,1,'2026-04-06 16:00:00','2026-05-14 16:00:00','2026-05-16 03:45:59'),(499,499,3,2,0,0,1,'2026-04-06 16:00:00','2026-05-14 16:00:00','2026-05-16 03:45:59'),(500,500,3,6,0,0,1,'2026-04-06 16:00:00','2026-05-14 16:00:00','2026-05-16 03:45:59'),(501,501,3,0,0,0,1,'2026-04-06 16:00:00','2026-05-14 16:00:00','2026-05-16 03:45:59'),(502,502,3,18,0,0,1,'2026-04-06 16:00:00','2026-06-14 16:00:00','2026-05-16 03:45:59'),(503,503,3,0,0,0,1,'2026-04-06 16:00:00','2026-05-14 16:00:00','2026-05-16 03:45:59'),(504,504,3,0,0,0,1,'2026-04-06 16:00:00','2026-05-14 16:00:00','2026-05-16 03:45:59'),(505,505,3,29,0,0,1,'2026-08-16 16:00:00','2026-09-16 16:00:00','2026-05-16 03:45:59'),(506,506,3,0,0,0,1,'2026-04-06 16:00:00','2026-05-14 16:00:00','2026-05-16 03:45:59'),(507,507,3,0,0,0,1,'2026-04-10 16:00:00','2026-05-18 16:00:00','2026-05-16 03:45:59'),(508,508,3,1,1,0,1,'2026-04-09 16:00:00','2026-05-17 16:00:00','2026-05-16 03:45:59'),(509,509,3,0,0,0,1,'2026-04-09 16:00:00','2026-05-17 16:00:00','2026-05-16 03:45:59'),(510,510,3,1,0,0,1,'2026-04-09 16:00:00','2026-05-17 16:00:00','2026-05-16 03:45:59'),(511,511,3,2,0,0,1,'2026-04-09 16:00:00','2026-06-17 16:00:00','2026-05-16 03:45:59'),(512,512,3,0,0,0,1,'2026-04-09 16:00:00','2026-05-17 16:00:00','2026-05-16 03:45:59'),(513,513,3,31,0,0,1,'2026-04-19 16:00:00','2026-08-27 16:00:00','2026-05-16 03:45:59'),(514,514,3,2,2,0,1,'2026-04-09 16:00:00','2026-05-17 16:00:00','2026-05-16 03:45:59'),(515,515,3,4,0,0,1,'2026-04-09 16:00:00','2026-05-17 16:00:00','2026-05-16 03:45:59'),(516,516,3,0,0,0,1,'2026-04-07 16:00:00','2026-07-15 16:00:00','2026-05-16 03:45:59'),(517,517,3,0,0,0,1,'2026-04-11 16:00:00','2026-05-19 16:00:00','2026-05-16 03:45:59'),(518,518,3,7,0,0,1,'2026-04-08 16:00:00','2026-07-16 16:00:00','2026-05-16 03:45:59'),(519,519,3,4,0,0,1,'2026-04-09 16:00:00','2026-07-17 16:00:00','2026-05-16 03:45:59'),(520,520,3,3,0,0,1,'2026-04-09 16:00:00','2026-06-17 16:00:00','2026-05-16 03:45:59'),(521,521,3,5,0,0,1,'2026-04-19 16:00:00','2026-05-27 16:00:00','2026-05-16 03:45:59'),(522,522,3,14,0,0,1,'2026-04-09 16:00:00','2026-05-17 16:00:00','2026-05-16 03:45:59'),(523,523,3,11,0,0,1,'2026-04-22 16:00:00','2026-05-30 16:00:00','2026-05-16 03:45:59'),(524,524,3,8,0,0,1,'2026-05-14 16:00:00','2026-06-14 16:00:00','2026-05-16 03:45:59'),(525,525,3,5,0,0,1,'2026-04-11 16:00:00','2026-05-19 16:00:00','2026-05-16 03:45:59'),(526,526,3,3,0,0,1,'2026-05-06 16:00:00','2026-06-06 16:00:00','2026-05-16 03:45:59'),(527,527,3,4,0,0,1,'2026-04-11 16:00:00','2026-05-19 16:00:00','2026-05-16 03:45:59'),(528,528,3,0,0,0,1,'2026-04-11 16:00:00','2026-05-19 16:00:00','2026-05-16 03:45:59'),(529,529,3,1,1,0,1,'2026-04-11 16:00:00','2026-05-19 16:00:00','2026-05-16 03:45:59'),(530,530,3,1,0,0,1,'2026-04-11 16:00:00','2026-05-19 16:00:00','2026-05-16 03:45:59'),(531,531,3,0,0,0,1,'2026-04-11 16:00:00','2026-05-19 16:00:00','2026-05-16 03:45:59'),(532,532,3,0,0,0,1,'2026-04-11 16:00:00','2026-05-19 16:00:00','2026-05-16 03:45:59'),(533,533,3,6,0,0,1,'2026-04-13 16:00:00','2026-05-21 16:00:00','2026-05-16 03:45:59'),(534,534,3,6,0,0,1,'2026-04-13 16:00:00','2026-05-21 16:00:00','2026-05-16 03:45:59'),(535,535,3,2,0,0,1,'2026-04-13 16:00:00','2026-05-21 16:00:00','2026-05-16 03:45:59'),(536,536,3,0,0,0,1,'2026-04-13 16:00:00','2026-05-21 16:00:00','2026-05-16 03:45:59'),(537,537,3,21,0,0,1,'2026-04-13 16:00:00','2026-07-21 16:00:00','2026-05-16 03:45:59'),(538,538,3,2,0,0,1,'2026-04-11 16:00:00','2026-07-19 16:00:00','2026-05-16 03:45:59'),(539,539,3,2,0,0,1,'2026-04-17 16:00:00','2026-05-25 16:00:00','2026-05-16 03:45:59'),(540,540,3,3,0,0,1,'2026-04-12 16:00:00','2026-05-20 16:00:00','2026-05-16 03:45:59'),(541,541,3,4,0,0,1,'2026-04-12 16:00:00','2026-05-20 16:00:00','2026-05-16 03:45:59'),(542,542,3,6,0,0,1,'2026-04-13 16:00:00','2026-05-21 16:00:00','2026-05-16 03:45:59'),(543,543,3,4,0,0,1,'2026-04-13 16:00:00','2026-05-21 16:00:00','2026-05-16 03:45:59'),(544,544,3,0,0,0,1,'2026-04-13 16:00:00','2026-05-21 16:00:00','2026-05-16 03:45:59'),(545,545,3,2,0,0,1,'2026-04-13 16:00:00','2026-05-21 16:00:00','2026-05-16 03:45:59'),(546,546,3,28,0,1,1,'2026-04-12 16:00:00','2026-08-20 16:00:00','2026-05-16 03:45:59'),(547,547,3,10,0,0,1,'2026-04-14 16:00:00','2026-05-22 16:00:00','2026-05-16 03:45:59'),(548,548,3,7,0,0,1,'2026-04-15 16:00:00','2026-05-23 16:00:00','2026-05-16 03:45:59'),(549,549,3,12,1,0,1,'2026-04-15 16:00:00','2026-07-23 16:00:00','2026-05-16 03:45:59'),(550,550,3,0,0,0,1,'2026-04-15 16:00:00','2026-05-23 16:00:00','2026-05-16 03:45:59'),(551,551,3,4,0,0,1,'2026-04-18 16:00:00','2026-05-26 16:00:00','2026-05-16 03:45:59'),(552,552,3,11,0,0,1,'2026-04-13 16:00:00','2026-07-21 16:00:00','2026-05-16 03:45:59'),(553,553,3,19,1,0,1,'2026-04-15 16:00:00','2026-07-23 16:00:00','2026-05-16 03:45:59'),(554,554,3,2,0,0,1,'2026-04-14 16:00:00','2026-05-22 16:00:00','2026-05-16 03:45:59'),(555,555,3,15,0,0,1,'2026-04-15 16:00:00','2026-07-23 16:00:00','2026-05-16 03:45:59'),(556,556,3,5,0,0,1,'2026-04-14 16:00:00','2026-05-22 16:00:00','2026-05-16 03:45:59'),(557,557,3,5,0,0,1,'2026-04-30 16:00:00','2026-06-08 16:00:00','2026-05-16 03:45:59'),(558,558,3,16,0,0,1,'2026-04-13 16:00:00','2026-05-21 16:00:00','2026-05-16 03:45:59'),(559,559,3,0,0,0,1,'2026-04-14 16:00:00','2026-05-22 16:00:00','2026-05-16 03:45:59'),(560,560,3,1,0,0,1,'2026-04-14 16:00:00','2026-05-22 16:00:00','2026-05-16 03:45:59'),(561,561,3,1,0,0,1,'2026-04-21 16:00:00','2026-05-29 16:00:00','2026-05-16 03:45:59'),(562,562,3,10,2,0,1,'2026-04-15 16:00:00','2026-05-23 16:00:00','2026-05-16 03:45:59'),(563,563,3,8,1,0,1,'2026-04-21 16:00:00','2026-05-29 16:00:00','2026-05-16 03:45:59'),(564,564,3,5,1,0,1,'2026-04-21 16:00:00','2026-05-29 16:00:00','2026-05-16 03:45:59'),(565,565,3,3,0,0,1,'2026-04-23 16:00:00','2026-05-31 16:00:00','2026-05-16 03:45:59'),(566,566,3,9,0,0,1,'2026-04-23 16:00:00','2026-05-31 16:00:00','2026-05-16 03:45:59'),(567,567,3,4,0,0,1,'2026-04-23 16:00:00','2026-05-31 16:00:00','2026-05-16 03:45:59'),(568,568,3,7,0,0,1,'2026-04-21 16:00:00','2026-05-29 16:00:00','2026-05-16 03:45:59'),(569,569,3,9,0,0,1,'2026-04-23 16:00:00','2026-05-31 16:00:00','2026-05-16 03:45:59'),(570,570,3,7,0,0,1,'2026-04-21 16:00:00','2026-05-29 16:00:00','2026-05-16 03:45:59'),(571,571,3,69,0,0,1,'2025-10-31 16:00:00','2027-01-31 16:00:00','2026-05-16 03:45:59'),(572,572,3,12,0,0,1,'2026-04-23 16:00:00','2026-05-31 16:00:00','2026-05-16 03:45:59'),(573,573,3,4,0,0,1,'2026-04-24 16:00:00','2026-05-31 16:00:00','2026-05-16 03:45:59'),(574,574,3,6,0,0,1,'2026-04-27 16:00:00','2026-06-04 16:00:00','2026-05-16 03:45:59'),(575,575,3,5,0,0,1,'2026-04-23 16:00:00','2026-07-31 16:00:00','2026-05-16 03:45:59'),(576,576,3,0,0,0,1,'2026-04-20 16:00:00','2026-05-28 16:00:00','2026-05-16 03:45:59'),(577,577,3,9,0,0,1,'2026-04-21 16:00:00','2026-05-29 16:00:00','2026-05-16 03:45:59'),(578,578,3,10,0,0,1,'2026-04-21 16:00:00','2026-05-29 16:00:00','2026-05-16 03:45:59'),(579,579,3,0,0,0,1,'2026-04-21 16:00:00','2026-05-29 16:00:00','2026-05-16 03:45:59'),(580,580,3,8,0,0,1,'2026-04-21 16:00:00','2026-05-29 16:00:00','2026-05-16 03:45:59'),(581,581,3,8,0,0,1,'2026-04-21 16:00:00','2026-05-29 16:00:00','2026-05-16 03:45:59'),(582,582,3,4,0,0,1,'2026-04-21 16:00:00','2026-05-29 16:00:00','2026-05-16 03:45:59'),(583,583,3,10,0,0,1,'2026-04-21 16:00:00','2026-05-29 16:00:00','2026-05-16 03:45:59'),(584,584,3,16,0,0,1,'2026-04-22 16:00:00','2026-06-30 16:00:00','2026-05-16 03:45:59'),(585,585,3,7,0,0,1,'2026-04-22 16:00:00','2026-05-30 16:00:00','2026-05-16 03:45:59'),(586,586,3,11,2,0,1,'2026-04-22 16:00:00','2026-05-30 16:00:00','2026-05-16 03:45:59'),(587,587,3,17,0,0,1,'2026-04-22 16:00:00','2026-05-30 16:00:00','2026-05-16 03:45:59'),(588,588,3,15,0,0,1,'2026-04-22 16:00:00','2026-05-30 16:00:00','2026-05-16 03:45:59'),(589,589,3,12,0,0,1,'2026-04-22 16:00:00','2026-05-30 16:00:00','2026-05-16 03:45:59'),(590,590,3,7,0,0,1,'2026-04-23 16:00:00','2026-05-31 16:00:00','2026-05-16 03:45:59'),(591,591,3,7,2,0,1,'2026-04-23 16:00:00','2026-05-31 16:00:00','2026-05-16 03:45:59'),(592,592,3,3,0,0,1,'2026-04-23 16:00:00','2026-05-31 16:00:00','2026-05-16 03:45:59'),(593,593,3,8,0,0,1,'2026-04-23 16:00:00','2026-05-31 16:00:00','2026-05-16 03:45:59'),(594,594,3,11,0,0,1,'2026-04-23 16:00:00','2026-07-01 16:00:00','2026-05-16 03:45:59'),(595,595,3,8,0,0,1,'2026-04-23 16:00:00','2026-05-31 16:00:00','2026-05-16 03:45:59'),(596,596,3,5,0,0,1,'2026-04-24 16:00:00','2026-06-01 16:00:00','2026-05-16 03:45:59'),(597,597,3,12,2,0,1,'2026-04-24 16:00:00','2026-08-01 16:00:00','2026-05-16 03:45:59'),(598,598,3,8,0,0,1,'2026-04-26 16:00:00','2026-06-03 16:00:00','2026-05-16 03:45:59'),(599,599,3,12,0,0,1,'2026-04-26 16:00:00','2026-06-03 16:00:00','2026-05-16 03:45:59'),(600,600,3,12,0,0,1,'2026-04-26 16:00:00','2026-06-03 16:00:00','2026-05-16 03:45:59'),(601,601,3,0,0,0,1,'2026-04-26 16:00:00','2026-06-03 16:00:00','2026-05-16 03:45:59'),(602,602,3,20,0,0,1,'2026-04-26 16:00:00','2026-08-03 16:00:00','2026-05-16 03:45:59'),(603,603,3,11,0,0,1,'2026-04-27 16:00:00','2026-06-04 16:00:00','2026-05-16 03:45:59'),(604,604,3,9,0,0,1,'2026-04-27 16:00:00','2026-06-04 16:00:00','2026-05-16 03:45:59'),(605,605,3,5,2,0,1,'2026-04-27 16:00:00','2026-06-04 16:00:00','2026-05-16 03:45:59'),(606,606,3,8,0,0,1,'2026-04-27 16:00:00','2026-06-04 16:00:00','2026-05-16 03:45:59'),(607,607,3,12,1,0,1,'2026-04-27 16:00:00','2026-06-04 16:00:00','2026-05-16 03:45:59'),(608,608,3,0,0,0,1,'2026-04-27 16:00:00','2026-06-04 16:00:00','2026-05-16 03:45:59'),(609,609,3,36,1,0,1,'2026-04-26 16:00:00','2026-08-03 16:00:00','2026-05-16 03:45:59'),(610,610,3,8,0,0,1,'2026-04-29 16:00:00','2026-06-06 16:00:00','2026-05-16 03:45:59'),(611,611,3,3,0,0,1,'2026-04-27 16:00:00','2026-06-04 16:00:00','2026-05-16 03:45:59'),(612,612,3,13,0,0,1,'2026-04-28 16:00:00','2026-06-05 16:00:00','2026-05-16 03:45:59'),(613,613,3,9,0,0,1,'2026-04-28 16:00:00','2026-06-05 16:00:00','2026-05-16 03:45:59'),(614,614,3,0,0,0,1,'2026-05-06 16:00:00','2026-06-06 16:00:00','2026-05-16 03:45:59'),(615,615,3,13,0,0,1,'2026-04-28 16:00:00','2026-06-05 16:00:00','2026-05-16 03:45:59'),(616,616,3,6,1,0,1,'2026-05-05 16:00:00','2026-06-05 16:00:00','2026-05-16 03:45:59'),(617,617,3,18,0,0,1,'2026-05-12 16:00:00','2026-06-12 16:00:00','2026-05-16 03:45:59'),(618,618,3,8,0,0,1,'2026-05-05 16:00:00','2026-06-05 16:00:00','2026-05-16 03:45:59'),(619,619,3,13,1,0,1,'2026-05-05 16:00:00','2026-06-05 16:00:00','2026-05-16 03:45:59'),(620,620,3,9,0,0,1,'2026-05-05 16:00:00','2026-06-05 16:00:00','2026-05-16 03:45:59'),(621,621,3,11,0,0,1,'2026-05-05 16:00:00','2026-06-05 16:00:00','2026-05-16 03:45:59'),(622,622,3,11,0,0,1,'2026-05-05 16:00:00','2026-06-05 16:00:00','2026-05-16 03:45:59'),(623,623,3,7,0,0,1,'2026-05-05 16:00:00','2026-06-05 16:00:00','2026-05-16 03:45:59'),(624,624,3,11,0,0,1,'2026-05-05 16:00:00','2026-06-05 16:00:00','2026-05-16 03:45:59'),(625,625,3,14,0,0,1,'2026-05-05 16:00:00','2026-06-05 16:00:00','2026-05-16 03:45:59'),(626,626,3,11,2,0,1,'2026-05-05 16:00:00','2026-06-05 16:00:00','2026-05-16 03:45:59'),(627,627,3,13,0,0,1,'2026-05-05 16:00:00','2026-06-05 16:00:00','2026-05-16 03:45:59'),(628,628,3,11,0,0,1,'2026-05-05 16:00:00','2026-06-05 16:00:00','2026-05-16 03:45:59'),(629,629,3,16,0,0,1,'2026-05-05 16:00:00','2026-06-05 16:00:00','2026-05-16 03:45:59'),(630,630,3,15,0,0,1,'2026-05-05 16:00:00','2026-06-05 16:00:00','2026-05-16 03:45:59'),(631,631,3,12,1,0,1,'2026-05-05 16:00:00','2026-06-05 16:00:00','2026-05-16 03:45:59'),(632,632,3,14,1,0,1,'2026-05-05 16:00:00','2026-06-05 16:00:00','2026-05-16 03:45:59'),(633,633,3,14,0,0,1,'2026-05-05 16:00:00','2026-06-05 16:00:00','2026-05-16 03:45:59'),(634,634,3,15,0,0,1,'2026-05-05 16:00:00','2026-06-05 16:00:00','2026-05-16 03:45:59'),(635,635,3,15,0,0,1,'2026-05-05 16:00:00','2026-06-05 16:00:00','2026-05-16 03:45:59'),(636,636,3,15,0,0,1,'2026-05-05 16:00:00','2026-06-05 16:00:00','2026-05-16 03:45:59'),(637,637,3,5,0,0,1,'2026-05-05 16:00:00','2026-06-05 16:00:00','2026-05-16 03:45:59'),(638,638,3,12,0,0,1,'2026-05-05 16:00:00','2026-06-05 16:00:00','2026-05-16 03:45:59'),(639,639,3,11,1,0,1,'2026-05-05 16:00:00','2026-06-05 16:00:00','2026-05-16 03:45:59'),(640,640,3,11,1,0,1,'2026-05-05 16:00:00','2026-06-05 16:00:00','2026-05-16 03:45:59'),(641,641,3,28,0,0,1,'2026-05-05 16:00:00','2026-07-05 16:00:00','2026-05-16 03:45:59'),(642,642,3,16,0,0,1,'2026-05-05 16:00:00','2026-06-05 16:00:00','2026-05-16 03:45:59'),(643,643,3,13,0,0,1,'2026-05-05 16:00:00','2026-06-05 16:00:00','2026-05-16 03:45:59'),(644,644,3,31,0,0,1,'2026-05-06 16:00:00','2026-07-06 16:00:00','2026-05-16 03:45:59'),(645,645,3,7,2,0,1,'2026-05-06 16:00:00','2026-06-06 16:00:00','2026-05-16 03:45:59'),(646,646,3,15,0,0,1,'2026-05-05 16:00:00','2026-06-05 16:00:00','2026-05-16 03:45:59'),(647,647,3,22,0,0,1,'2025-05-05 16:00:00','2026-08-05 16:00:00','2026-05-16 03:45:59'),(648,648,3,12,0,0,1,'2026-05-05 16:00:00','2026-06-05 16:00:00','2026-05-16 03:45:59'),(649,649,3,10,0,0,1,'2026-05-05 16:00:00','2026-06-05 16:00:00','2026-05-16 03:45:59'),(650,650,3,15,1,0,1,'2026-05-05 16:00:00','2026-06-05 16:00:00','2026-05-16 03:45:59'),(651,651,3,14,0,0,1,'2026-05-05 16:00:00','2026-06-05 16:00:00','2026-05-16 03:45:59'),(652,652,3,14,0,0,1,'2026-05-05 16:00:00','2026-06-05 16:00:00','2026-05-16 03:45:59'),(653,653,3,13,1,0,1,'2026-05-05 16:00:00','2026-06-05 16:00:00','2026-05-16 03:45:59'),(654,654,3,12,0,0,1,'2026-05-05 16:00:00','2026-06-05 16:00:00','2026-05-16 03:45:59'),(655,655,3,15,0,0,1,'2026-05-05 16:00:00','2026-06-05 16:00:00','2026-05-16 03:45:59'),(656,656,3,15,0,0,1,'2026-05-05 16:00:00','2026-06-05 16:00:00','2026-05-16 03:45:59'),(657,657,3,15,2,0,1,'2026-05-05 16:00:00','2026-06-05 16:00:00','2026-05-16 03:45:59'),(658,658,3,3,0,0,1,'2026-05-05 16:00:00','2026-06-05 16:00:00','2026-05-16 03:45:59'),(659,659,3,8,0,0,1,'2026-05-05 16:00:00','2026-06-05 16:00:00','2026-05-16 03:45:59'),(660,660,3,12,2,0,1,'2026-05-05 16:00:00','2026-06-05 16:00:00','2026-05-16 03:45:59'),(661,661,3,13,0,0,1,'2026-05-05 16:00:00','2026-06-05 16:00:00','2026-05-16 03:45:59'),(662,662,3,16,0,0,1,'2026-05-05 16:00:00','2026-06-05 16:00:00','2026-05-16 03:45:59'),(663,663,3,14,0,0,1,'2026-05-05 16:00:00','2026-06-05 16:00:00','2026-05-16 03:45:59'),(664,664,3,16,0,2,1,'2026-05-05 16:00:00','2026-06-05 16:00:00','2026-05-16 03:45:59'),(665,665,3,16,0,0,1,'2026-05-05 16:00:00','2026-06-05 16:00:00','2026-05-16 03:45:59'),(666,666,3,15,1,0,1,'2026-05-05 16:00:00','2026-06-05 16:00:00','2026-05-16 03:45:59'),(667,667,3,12,0,0,1,'2026-05-05 16:00:00','2026-06-05 16:00:00','2026-05-16 03:45:59'),(668,668,3,11,0,0,1,'2026-05-06 16:00:00','2026-06-06 16:00:00','2026-05-16 03:45:59'),(669,669,3,14,0,0,1,'2026-05-05 16:00:00','2026-06-05 16:00:00','2026-05-16 03:45:59'),(670,670,3,13,0,0,1,'2026-05-09 16:00:00','2026-06-09 16:00:00','2026-05-16 03:45:59'),(671,671,3,42,0,0,1,'2026-06-05 16:00:00','2026-08-05 16:00:00','2026-05-16 03:45:59'),(672,672,3,93,0,0,1,'2026-04-09 16:00:00','2026-11-17 16:00:00','2026-05-16 03:45:59'),(673,673,3,15,0,0,1,NULL,NULL,'2026-05-16 03:45:59'),(674,674,3,17,0,0,1,NULL,NULL,'2026-05-16 03:45:59'),(675,675,3,18,0,0,1,NULL,NULL,'2026-05-16 03:45:59'),(676,676,3,14,0,0,1,'2026-05-06 16:00:00','2026-06-06 16:00:00','2026-05-16 03:45:59'),(677,677,3,9,0,0,1,'2026-05-06 16:00:00','2026-06-06 16:00:00','2026-05-16 03:45:59'),(678,678,3,19,0,0,1,'2026-05-06 16:00:00','2026-08-06 16:00:00','2026-05-16 03:45:59'),(679,679,3,12,0,0,1,'2026-05-06 16:00:00','2026-06-06 16:00:00','2026-05-16 03:45:59'),(680,680,3,15,0,0,1,'2026-05-07 16:00:00','2026-06-07 16:00:00','2026-05-16 03:45:59'),(681,681,3,16,0,0,1,'2026-05-07 16:00:00','2026-06-07 16:00:00','2026-05-16 03:45:59'),(682,682,3,26,0,0,1,'2026-05-08 16:00:00','2026-08-07 16:00:00','2026-05-16 03:45:59'),(683,683,3,14,0,0,1,'2026-05-07 16:00:00','2026-06-07 16:00:00','2026-05-16 03:45:59'),(684,684,3,16,0,0,1,'2026-05-07 16:00:00','2026-06-07 16:00:00','2026-05-16 03:45:59'),(685,685,3,14,0,0,1,'2026-05-08 16:00:00','2026-06-08 16:00:00','2026-05-16 03:45:59'),(686,686,3,15,3,0,1,'2026-05-08 16:00:00','2026-06-08 16:00:00','2026-05-16 03:45:59'),(687,687,3,15,0,0,1,'2026-05-08 16:00:00','2026-06-08 16:00:00','2026-05-16 03:45:59'),(688,688,3,14,0,0,1,'2026-05-08 16:00:00','2026-06-08 16:00:00','2026-05-16 03:45:59'),(689,689,3,5,0,0,1,'2026-05-08 16:00:00','2026-06-08 16:00:00','2026-05-16 03:45:59'),(690,690,3,15,1,0,1,'2026-05-08 16:00:00','2026-06-08 16:00:00','2026-05-16 03:45:59'),(691,691,3,3,0,0,1,'2026-05-08 16:00:00','2026-06-08 16:00:00','2026-05-16 03:45:59'),(692,692,3,15,0,0,1,'2026-05-07 16:00:00','2026-08-07 16:00:00','2026-05-16 03:45:59'),(693,693,3,14,0,0,1,'2026-05-07 16:00:00','2026-06-07 16:00:00','2026-05-16 03:45:59'),(694,694,3,15,1,0,1,'2026-06-05 16:00:00','2026-07-05 16:00:00','2026-05-16 03:45:59'),(695,695,3,17,0,0,1,'2026-05-11 16:00:00','2026-06-11 16:00:00','2026-05-16 03:45:59'),(696,696,3,4,1,0,1,'2026-05-11 16:00:00','2026-06-11 16:00:00','2026-05-16 03:45:59'),(697,697,3,16,1,0,1,'2026-05-13 16:00:00','2026-06-13 16:00:00','2026-05-16 03:45:59'),(698,698,3,13,0,0,1,'2026-05-10 16:00:00','2026-06-10 16:00:00','2026-05-16 03:45:59'),(699,699,3,12,1,1,1,'2026-05-10 16:00:00','2026-06-10 16:00:00','2026-05-16 03:45:59'),(700,700,3,17,1,0,1,'2026-05-10 16:00:00','2026-06-10 16:00:00','2026-05-16 03:45:59'),(701,701,3,15,0,0,1,'2026-05-10 16:00:00','2026-06-10 16:00:00','2026-05-16 03:45:59'),(702,702,3,16,1,0,1,'2026-05-10 16:00:00','2026-06-10 16:00:00','2026-05-16 03:45:59'),(703,703,3,20,0,0,1,'2026-05-10 16:00:00','2026-06-10 16:00:00','2026-05-16 03:45:59'),(704,704,3,19,0,0,1,'2026-05-10 16:00:00','2026-06-10 16:00:00','2026-05-16 03:45:59'),(705,705,3,14,0,0,1,'2026-05-08 16:00:00','2026-06-08 16:00:00','2026-05-16 03:45:59'),(706,706,3,24,0,0,1,'2026-05-14 16:00:00','2026-08-14 16:00:00','2026-05-16 03:45:59'),(707,707,3,17,0,0,1,'2026-05-11 16:00:00','2026-06-11 16:00:00','2026-05-16 03:45:59'),(708,708,3,15,0,0,1,'2026-05-10 16:00:00','2026-06-10 16:00:00','2026-05-16 03:45:59'),(709,709,3,15,0,0,1,'2026-05-10 16:00:00','2026-06-10 16:00:00','2026-05-16 03:45:59'),(710,710,3,15,0,0,1,'2026-05-10 16:00:00','2026-06-10 16:00:00','2026-05-16 03:45:59'),(711,711,3,13,0,0,1,'2026-05-10 16:00:00','2026-06-10 16:00:00','2026-05-16 03:45:59'),(712,712,3,16,0,0,1,'2026-05-11 16:00:00','2026-06-11 16:00:00','2026-05-16 03:45:59'),(713,713,3,16,0,0,1,'2026-05-11 16:00:00','2026-06-11 16:00:00','2026-05-16 03:45:59'),(714,714,3,16,0,0,1,'2026-05-11 16:00:00','2026-06-11 16:00:00','2026-05-16 03:45:59'),(715,715,3,16,0,0,1,'2026-05-11 16:00:00','2026-06-11 16:00:00','2026-05-16 03:45:59'),(716,716,3,12,0,0,1,'2026-05-11 16:00:00','2026-06-11 16:00:00','2026-05-16 03:45:59'),(717,717,3,12,2,0,1,'2026-05-11 16:00:00','2026-06-11 16:00:00','2026-05-16 03:45:59'),(718,718,3,16,0,0,1,'2026-05-11 16:00:00','2026-06-11 16:00:00','2026-05-16 03:45:59'),(719,719,3,19,0,0,1,'2026-05-11 16:00:00','2026-06-11 16:00:00','2026-05-16 03:45:59'),(720,720,3,17,0,0,1,'2026-05-11 16:00:00','2026-06-11 16:00:00','2026-05-16 03:45:59'),(721,721,3,17,0,0,1,'2026-05-11 16:00:00','2026-06-11 16:00:00','2026-05-16 03:45:59'),(722,722,3,19,1,0,1,'2026-05-11 16:00:00','2026-06-11 16:00:00','2026-05-16 03:45:59'),(723,723,3,15,0,0,1,'2026-05-11 16:00:00','2026-06-11 16:00:00','2026-05-16 03:45:59'),(724,724,3,16,2,0,1,'2026-05-11 16:00:00','2026-06-11 16:00:00','2026-05-16 03:45:59'),(725,725,3,14,0,0,1,'2026-05-11 16:00:00','2026-06-11 16:00:00','2026-05-16 03:45:59'),(726,726,3,16,0,0,1,'2026-05-11 16:00:00','2026-06-11 16:00:00','2026-05-16 03:45:59'),(727,727,3,17,0,0,1,'2026-05-11 16:00:00','2026-06-11 16:00:00','2026-05-16 03:45:59'),(728,728,3,16,1,0,1,'2026-05-11 16:00:00','2026-06-11 16:00:00','2026-05-16 03:45:59'),(729,729,3,20,0,0,1,'2026-05-17 16:00:00','2026-06-17 16:00:00','2026-05-16 03:45:59'),(730,730,3,17,2,0,1,'2026-05-12 16:00:00','2026-06-12 16:00:00','2026-05-16 03:45:59'),(731,731,3,14,0,0,1,'2026-05-11 16:00:00','2026-06-11 16:00:00','2026-05-16 03:45:59'),(732,732,3,28,0,0,1,'2026-05-15 16:00:00','2026-08-15 16:00:00','2026-05-16 03:45:59'),(733,733,3,18,0,0,1,'2026-05-12 16:00:00','2026-06-12 16:00:00','2026-05-16 03:45:59'),(734,734,3,17,0,0,1,'2026-05-12 16:00:00','2026-06-12 16:00:00','2026-05-16 03:45:59'),(735,735,3,17,0,0,1,'2026-05-12 16:00:00','2026-06-12 16:00:00','2026-05-16 03:45:59'),(736,736,3,28,0,0,1,'2026-05-17 16:00:00','2026-08-17 16:00:00','2026-05-16 03:45:59'),(737,737,3,20,0,0,1,'2026-05-14 16:00:00','2026-06-14 16:00:00','2026-05-16 03:45:59'),(738,738,3,17,0,0,1,'2026-05-12 16:00:00','2026-06-12 16:00:00','2026-05-16 03:45:59'),(739,739,3,14,1,0,1,'2026-05-12 16:00:00','2026-06-12 16:00:00','2026-05-16 03:45:59'),(740,740,3,16,0,0,1,'2026-05-12 16:00:00','2026-06-12 16:00:00','2026-05-16 03:45:59'),(741,741,3,14,0,0,1,'2026-05-12 16:00:00','2026-06-12 16:00:00','2026-05-16 03:45:59'),(742,742,3,6,0,0,1,'2026-05-12 16:00:00','2026-06-12 16:00:00','2026-05-16 03:45:59'),(743,743,3,22,0,0,1,'2026-05-12 16:00:00','2026-06-12 16:00:00','2026-05-16 03:45:59'),(744,744,3,14,0,0,1,'2026-05-11 16:00:00','2026-06-11 16:00:00','2026-05-16 03:45:59'),(745,745,3,20,0,0,1,'2026-05-17 16:00:00','2026-06-17 16:00:00','2026-05-16 03:45:59'),(746,746,3,18,0,0,1,'2026-05-13 16:00:00','2026-06-13 16:00:00','2026-05-16 03:45:59'),(747,747,3,18,1,0,1,'2026-05-13 16:00:00','2026-06-13 16:00:00','2026-05-16 03:45:59'),(748,748,3,11,0,0,1,'2026-05-13 16:00:00','2026-06-13 16:00:00','2026-05-16 03:45:59'),(749,749,3,17,0,0,1,'2026-05-14 16:00:00','2026-06-14 16:00:00','2026-05-16 03:45:59'),(750,750,3,34,0,0,1,'2026-06-08 16:00:00','2026-07-08 16:00:00','2026-05-16 03:45:59'),(751,751,3,20,0,0,1,'2026-06-08 16:00:00','2026-07-08 16:00:00','2026-05-16 03:45:59'),(752,752,3,19,0,0,1,'2026-05-14 16:00:00','2026-06-14 16:00:00','2026-05-16 03:45:59'),(753,753,3,19,1,0,1,'2026-05-14 16:00:00','2026-06-14 16:00:00','2026-05-16 03:45:59'),(754,754,3,19,0,0,1,'2026-05-14 16:00:00','2026-06-14 16:00:00','2026-05-16 03:45:59'),(755,755,3,33,1,0,1,'2026-05-14 16:00:00','2026-08-14 16:00:00','2026-05-16 03:45:59'),(756,756,3,19,0,0,1,'2026-05-14 16:00:00','2026-06-14 16:00:00','2026-05-16 03:45:59'),(757,757,3,20,0,0,1,'2026-05-14 16:00:00','2026-06-14 16:00:00','2026-05-16 03:45:59'),(758,758,3,20,0,0,1,'2026-05-14 16:00:00','2026-06-14 16:00:00','2026-05-16 03:45:59'),(759,759,3,20,0,0,1,'2026-05-15 16:00:00','2026-06-15 16:00:00','2026-05-16 03:45:59'),(902,909,NULL,5,3,2,1,NULL,NULL,NULL),(903,912,NULL,110,5,0,1,NULL,NULL,NULL),(904,912,NULL,0,0,0,0,NULL,NULL,NULL);
/*!40000 ALTER TABLE `meal_wallets` ENABLE KEYS */;
UNLOCK TABLES;
DROP TABLE IF EXISTS `menu_week_items`;
/*!40101 SET @saved_cs_client     = @@character_set_client */;
/*!50503 SET character_set_client = utf8mb4 */;
CREATE TABLE `menu_week_items` (
  `id` bigint NOT NULL AUTO_INCREMENT,
  `week_id` bigint NOT NULL,
  `serve_date` date NOT NULL,
  `weekday_index` int NOT NULL,
  `meal_period` varchar(16) COLLATE utf8mb4_unicode_ci NOT NULL,
  `slot_status` varchar(32) COLLATE utf8mb4_unicode_ci NOT NULL,
  `dish_items_json` text COLLATE utf8mb4_unicode_ci,
  `total_calories` int DEFAULT NULL,
  `meal_name` varchar(128) COLLATE utf8mb4_unicode_ci DEFAULT NULL,
  `meal_detail` varchar(255) COLLATE utf8mb4_unicode_ci DEFAULT NULL,
  `calories` int DEFAULT NULL,
  `merchant_note` varchar(128) COLLATE utf8mb4_unicode_ci DEFAULT NULL,
  `image_url` varchar(255) COLLATE utf8mb4_unicode_ci DEFAULT NULL,
  `sort_order` int NOT NULL DEFAULT '0',
  `created_at` timestamp NOT NULL DEFAULT CURRENT_TIMESTAMP,
  `updated_at` timestamp NOT NULL DEFAULT CURRENT_TIMESTAMP,
  PRIMARY KEY (`id`),
  UNIQUE KEY `uq_menu_week_slot` (`week_id`,`serve_date`,`meal_period`)
) ENGINE=InnoDB AUTO_INCREMENT=1098 DEFAULT CHARSET=utf8mb4 COLLATE=utf8mb4_unicode_ci;
/*!40101 SET character_set_client = @saved_cs_client */;

LOCK TABLES `menu_week_items` WRITE;
/*!40000 ALTER TABLE `menu_week_items` DISABLE KEYS */;
INSERT INTO `menu_week_items` VALUES (972,907,'2026-06-08',1,'LUNCH','UNCONFIGURED',NULL,NULL,NULL,NULL,NULL,NULL,NULL,1,'2026-06-10 09:02:00','2026-06-11 07:01:58'),(973,907,'2026-06-08',1,'DINNER','UNCONFIGURED',NULL,NULL,NULL,NULL,NULL,NULL,NULL,2,'2026-06-10 09:02:00','2026-06-11 07:01:58'),(974,907,'2026-06-09',2,'LUNCH','UNCONFIGURED',NULL,NULL,NULL,NULL,NULL,NULL,NULL,1,'2026-06-10 09:02:00','2026-06-11 07:01:58'),(975,907,'2026-06-09',2,'DINNER','UNCONFIGURED',NULL,NULL,NULL,NULL,NULL,NULL,NULL,2,'2026-06-10 09:02:00','2026-06-11 07:01:58'),(976,907,'2026-06-10',3,'LUNCH','UNCONFIGURED',NULL,NULL,NULL,NULL,NULL,NULL,NULL,1,'2026-06-10 09:02:00','2026-06-11 07:01:58'),(977,907,'2026-06-10',3,'DINNER','UNCONFIGURED',NULL,NULL,NULL,NULL,NULL,NULL,NULL,2,'2026-06-10 09:02:00','2026-06-11 07:01:58'),(978,907,'2026-06-11',4,'LUNCH','ACTIVE','[\"1\"]',NULL,'1','1',NULL,NULL,NULL,1,'2026-06-10 09:02:00','2026-06-11 07:02:31'),(979,907,'2026-06-11',4,'DINNER','ACTIVE','[\"1\"]',NULL,'1','1',NULL,NULL,NULL,2,'2026-06-10 09:02:00','2026-06-11 07:02:31'),(980,907,'2026-06-12',5,'LUNCH','UNCONFIGURED',NULL,NULL,NULL,NULL,NULL,NULL,NULL,1,'2026-06-10 09:02:00','2026-06-11 07:01:58'),(981,907,'2026-06-12',5,'DINNER','UNCONFIGURED',NULL,NULL,NULL,NULL,NULL,NULL,NULL,2,'2026-06-10 09:02:00','2026-06-11 07:01:58'),(982,907,'2026-06-13',6,'LUNCH','UNCONFIGURED',NULL,NULL,NULL,NULL,NULL,NULL,NULL,1,'2026-06-10 09:02:00','2026-06-11 07:01:58'),(983,907,'2026-06-13',6,'DINNER','UNCONFIGURED',NULL,NULL,NULL,NULL,NULL,NULL,NULL,2,'2026-06-10 09:02:00','2026-06-11 07:01:58'),(984,907,'2026-06-14',7,'LUNCH','REST',NULL,NULL,NULL,NULL,NULL,NULL,NULL,1,'2026-06-10 09:02:00','2026-06-11 07:01:58'),(985,907,'2026-06-14',7,'DINNER','REST',NULL,NULL,NULL,NULL,NULL,NULL,NULL,2,'2026-06-10 09:02:00','2026-06-11 07:01:58'),(986,908,'2026-06-15',1,'LUNCH','UNCONFIGURED',NULL,NULL,NULL,NULL,NULL,NULL,NULL,1,'2026-06-11 07:01:39','2026-06-16 09:47:51'),(987,908,'2026-06-15',1,'DINNER','UNCONFIGURED',NULL,NULL,NULL,NULL,NULL,NULL,NULL,2,'2026-06-11 07:01:39','2026-06-16 09:47:51'),(988,908,'2026-06-16',2,'LUNCH','ACTIVE','[\"1\"]',NULL,'1','1',NULL,NULL,NULL,1,'2026-06-11 07:01:39','2026-06-16 09:48:29'),(989,908,'2026-06-16',2,'DINNER','UNCONFIGURED','[]',NULL,NULL,NULL,NULL,NULL,NULL,2,'2026-06-11 07:01:39','2026-06-16 09:48:29'),(990,908,'2026-06-17',3,'LUNCH','UNCONFIGURED',NULL,NULL,NULL,NULL,NULL,NULL,NULL,1,'2026-06-11 07:01:39','2026-06-16 09:47:51'),(991,908,'2026-06-17',3,'DINNER','UNCONFIGURED',NULL,NULL,NULL,NULL,NULL,NULL,NULL,2,'2026-06-11 07:01:39','2026-06-16 09:47:51'),(992,908,'2026-06-18',4,'LUNCH','ACTIVE','[\"1\"]',NULL,'1','1',NULL,NULL,NULL,1,'2026-06-11 07:01:39','2026-06-16 09:47:51'),(993,908,'2026-06-18',4,'DINNER','ACTIVE','[\"1\"]',NULL,'1','1',NULL,NULL,NULL,2,'2026-06-11 07:01:39','2026-06-16 09:47:51'),(994,908,'2026-06-19',5,'LUNCH','UNCONFIGURED',NULL,NULL,NULL,NULL,NULL,NULL,NULL,1,'2026-06-11 07:01:39','2026-06-16 09:47:51'),(995,908,'2026-06-19',5,'DINNER','UNCONFIGURED',NULL,NULL,NULL,NULL,NULL,NULL,NULL,2,'2026-06-11 07:01:39','2026-06-16 09:47:51'),(996,908,'2026-06-20',6,'LUNCH','UNCONFIGURED',NULL,NULL,NULL,NULL,NULL,NULL,NULL,1,'2026-06-11 07:01:39','2026-06-16 09:47:51'),(997,908,'2026-06-20',6,'DINNER','UNCONFIGURED',NULL,NULL,NULL,NULL,NULL,NULL,NULL,2,'2026-06-11 07:01:39','2026-06-16 09:47:51'),(998,908,'2026-06-21',7,'LUNCH','REST',NULL,NULL,NULL,NULL,NULL,NULL,NULL,1,'2026-06-11 07:01:39','2026-06-16 09:47:51'),(999,908,'2026-06-21',7,'DINNER','REST',NULL,NULL,NULL,NULL,NULL,NULL,NULL,2,'2026-06-11 07:01:39','2026-06-16 09:47:51'),(1000,909,'2026-06-22',1,'LUNCH','UNCONFIGURED',NULL,NULL,NULL,NULL,NULL,NULL,NULL,1,'2026-06-11 07:02:00','2026-06-11 07:02:00'),(1001,909,'2026-06-22',1,'DINNER','UNCONFIGURED',NULL,NULL,NULL,NULL,NULL,NULL,NULL,2,'2026-06-11 07:02:00','2026-06-11 07:02:00'),(1002,909,'2026-06-23',2,'LUNCH','ACTIVE','[\"1\"]',NULL,'1','1',NULL,NULL,NULL,1,'2026-06-11 07:02:00','2026-06-23 03:56:18'),(1003,909,'2026-06-23',2,'DINNER','UNCONFIGURED','[]',NULL,NULL,NULL,NULL,NULL,NULL,2,'2026-06-11 07:02:00','2026-06-23 03:56:18'),(1004,909,'2026-06-24',3,'LUNCH','UNCONFIGURED',NULL,NULL,NULL,NULL,NULL,NULL,NULL,1,'2026-06-11 07:02:00','2026-06-11 07:02:00'),(1005,909,'2026-06-24',3,'DINNER','UNCONFIGURED',NULL,NULL,NULL,NULL,NULL,NULL,NULL,2,'2026-06-11 07:02:00','2026-06-11 07:02:00'),(1006,909,'2026-06-25',4,'LUNCH','UNCONFIGURED',NULL,NULL,NULL,NULL,NULL,NULL,NULL,1,'2026-06-11 07:02:00','2026-06-11 07:02:00'),(1007,909,'2026-06-25',4,'DINNER','UNCONFIGURED',NULL,NULL,NULL,NULL,NULL,NULL,NULL,2,'2026-06-11 07:02:00','2026-06-11 07:02:00'),(1008,909,'2026-06-26',5,'LUNCH','UNCONFIGURED',NULL,NULL,NULL,NULL,NULL,NULL,NULL,1,'2026-06-11 07:02:00','2026-06-11 07:02:00'),(1009,909,'2026-06-26',5,'DINNER','UNCONFIGURED',NULL,NULL,NULL,NULL,NULL,NULL,NULL,2,'2026-06-11 07:02:00','2026-06-11 07:02:00'),(1010,909,'2026-06-27',6,'LUNCH','UNCONFIGURED',NULL,NULL,NULL,NULL,NULL,NULL,NULL,1,'2026-06-11 07:02:00','2026-06-11 07:02:00'),(1011,909,'2026-06-27',6,'DINNER','UNCONFIGURED',NULL,NULL,NULL,NULL,NULL,NULL,NULL,2,'2026-06-11 07:02:00','2026-06-11 07:02:00'),(1012,909,'2026-06-28',7,'LUNCH','REST',NULL,NULL,NULL,NULL,NULL,NULL,NULL,1,'2026-06-11 07:02:00','2026-06-11 07:02:00'),(1013,909,'2026-06-28',7,'DINNER','REST',NULL,NULL,NULL,NULL,NULL,NULL,NULL,2,'2026-06-11 07:02:00','2026-06-11 07:02:00'),(1014,910,'2026-06-29',1,'LUNCH','UNCONFIGURED',NULL,NULL,NULL,NULL,NULL,NULL,NULL,1,'2026-06-11 07:02:00','2026-06-11 07:02:00'),(1015,910,'2026-06-29',1,'DINNER','UNCONFIGURED',NULL,NULL,NULL,NULL,NULL,NULL,NULL,2,'2026-06-11 07:02:00','2026-06-11 07:02:00'),(1016,910,'2026-06-30',2,'LUNCH','UNCONFIGURED',NULL,NULL,NULL,NULL,NULL,NULL,NULL,1,'2026-06-11 07:02:00','2026-06-11 07:02:00'),(1017,910,'2026-06-30',2,'DINNER','UNCONFIGURED',NULL,NULL,NULL,NULL,NULL,NULL,NULL,2,'2026-06-11 07:02:00','2026-06-11 07:02:00'),(1018,910,'2026-07-01',3,'LUNCH','UNCONFIGURED',NULL,NULL,NULL,NULL,NULL,NULL,NULL,1,'2026-06-11 07:02:00','2026-06-11 07:02:00'),(1019,910,'2026-07-01',3,'DINNER','UNCONFIGURED',NULL,NULL,NULL,NULL,NULL,NULL,NULL,2,'2026-06-11 07:02:00','2026-06-11 07:02:00'),(1020,910,'2026-07-02',4,'LUNCH','UNCONFIGURED',NULL,NULL,NULL,NULL,NULL,NULL,NULL,1,'2026-06-11 07:02:00','2026-06-11 07:02:00'),(1021,910,'2026-07-02',4,'DINNER','UNCONFIGURED',NULL,NULL,NULL,NULL,NULL,NULL,NULL,2,'2026-06-11 07:02:00','2026-06-11 07:02:00'),(1022,910,'2026-07-03',5,'LUNCH','UNCONFIGURED',NULL,NULL,NULL,NULL,NULL,NULL,NULL,1,'2026-06-11 07:02:00','2026-06-11 07:02:00'),(1023,910,'2026-07-03',5,'DINNER','UNCONFIGURED',NULL,NULL,NULL,NULL,NULL,NULL,NULL,2,'2026-06-11 07:02:00','2026-06-11 07:02:00'),(1024,910,'2026-07-04',6,'LUNCH','UNCONFIGURED',NULL,NULL,NULL,NULL,NULL,NULL,NULL,1,'2026-06-11 07:02:00','2026-06-11 07:02:00'),(1025,910,'2026-07-04',6,'DINNER','UNCONFIGURED',NULL,NULL,NULL,NULL,NULL,NULL,NULL,2,'2026-06-11 07:02:00','2026-06-11 07:02:00'),(1026,910,'2026-07-05',7,'LUNCH','REST',NULL,NULL,NULL,NULL,NULL,NULL,NULL,1,'2026-06-11 07:02:00','2026-06-11 07:02:00'),(1027,910,'2026-07-05',7,'DINNER','REST',NULL,NULL,NULL,NULL,NULL,NULL,NULL,2,'2026-06-11 07:02:00','2026-06-11 07:02:00'),(1028,911,'2026-07-06',1,'LUNCH','UNCONFIGURED',NULL,NULL,NULL,NULL,NULL,NULL,NULL,1,'2026-06-11 07:02:00','2026-06-11 07:02:00'),(1029,911,'2026-07-06',1,'DINNER','UNCONFIGURED',NULL,NULL,NULL,NULL,NULL,NULL,NULL,2,'2026-06-11 07:02:00','2026-06-11 07:02:00'),(1030,911,'2026-07-07',2,'LUNCH','UNCONFIGURED',NULL,NULL,NULL,NULL,NULL,NULL,NULL,1,'2026-06-11 07:02:00','2026-06-11 07:02:00'),(1031,911,'2026-07-07',2,'DINNER','UNCONFIGURED',NULL,NULL,NULL,NULL,NULL,NULL,NULL,2,'2026-06-11 07:02:00','2026-06-11 07:02:00'),(1032,911,'2026-07-08',3,'LUNCH','UNCONFIGURED',NULL,NULL,NULL,NULL,NULL,NULL,NULL,1,'2026-06-11 07:02:00','2026-06-11 07:02:00'),(1033,911,'2026-07-08',3,'DINNER','UNCONFIGURED',NULL,NULL,NULL,NULL,NULL,NULL,NULL,2,'2026-06-11 07:02:00','2026-06-11 07:02:00'),(1034,911,'2026-07-09',4,'LUNCH','UNCONFIGURED',NULL,NULL,NULL,NULL,NULL,NULL,NULL,1,'2026-06-11 07:02:00','2026-06-11 07:02:00'),(1035,911,'2026-07-09',4,'DINNER','UNCONFIGURED',NULL,NULL,NULL,NULL,NULL,NULL,NULL,2,'2026-06-11 07:02:00','2026-06-11 07:02:00'),(1036,911,'2026-07-10',5,'LUNCH','UNCONFIGURED',NULL,NULL,NULL,NULL,NULL,NULL,NULL,1,'2026-06-11 07:02:00','2026-06-11 07:02:00'),(1037,911,'2026-07-10',5,'DINNER','UNCONFIGURED',NULL,NULL,NULL,NULL,NULL,NULL,NULL,2,'2026-06-11 07:02:00','2026-06-11 07:02:00'),(1038,911,'2026-07-11',6,'LUNCH','UNCONFIGURED',NULL,NULL,NULL,NULL,NULL,NULL,NULL,1,'2026-06-11 07:02:00','2026-06-11 07:02:00'),(1039,911,'2026-07-11',6,'DINNER','UNCONFIGURED',NULL,NULL,NULL,NULL,NULL,NULL,NULL,2,'2026-06-11 07:02:00','2026-06-11 07:02:00'),(1040,911,'2026-07-12',7,'LUNCH','REST',NULL,NULL,NULL,NULL,NULL,NULL,NULL,1,'2026-06-11 07:02:00','2026-06-11 07:02:00'),(1041,911,'2026-07-12',7,'DINNER','REST',NULL,NULL,NULL,NULL,NULL,NULL,NULL,2,'2026-06-11 07:02:00','2026-06-11 07:02:00'),(1042,912,'2026-07-13',1,'LUNCH','UNCONFIGURED',NULL,NULL,NULL,NULL,NULL,NULL,NULL,1,'2026-06-11 07:02:01','2026-06-11 07:02:01'),(1043,912,'2026-07-13',1,'DINNER','UNCONFIGURED',NULL,NULL,NULL,NULL,NULL,NULL,NULL,2,'2026-06-11 07:02:01','2026-06-11 07:02:01'),(1044,912,'2026-07-14',2,'LUNCH','UNCONFIGURED',NULL,NULL,NULL,NULL,NULL,NULL,NULL,1,'2026-06-11 07:02:01','2026-06-11 07:02:01'),(1045,912,'2026-07-14',2,'DINNER','UNCONFIGURED',NULL,NULL,NULL,NULL,NULL,NULL,NULL,2,'2026-06-11 07:02:01','2026-06-11 07:02:01'),(1046,912,'2026-07-15',3,'LUNCH','UNCONFIGURED',NULL,NULL,NULL,NULL,NULL,NULL,NULL,1,'2026-06-11 07:02:01','2026-06-11 07:02:01'),(1047,912,'2026-07-15',3,'DINNER','UNCONFIGURED',NULL,NULL,NULL,NULL,NULL,NULL,NULL,2,'2026-06-11 07:02:01','2026-06-11 07:02:01'),(1048,912,'2026-07-16',4,'LUNCH','UNCONFIGURED',NULL,NULL,NULL,NULL,NULL,NULL,NULL,1,'2026-06-11 07:02:01','2026-06-11 07:02:01'),(1049,912,'2026-07-16',4,'DINNER','UNCONFIGURED',NULL,NULL,NULL,NULL,NULL,NULL,NULL,2,'2026-06-11 07:02:01','2026-06-11 07:02:01'),(1050,912,'2026-07-17',5,'LUNCH','UNCONFIGURED',NULL,NULL,NULL,NULL,NULL,NULL,NULL,1,'2026-06-11 07:02:01','2026-06-11 07:02:01'),(1051,912,'2026-07-17',5,'DINNER','UNCONFIGURED',NULL,NULL,NULL,NULL,NULL,NULL,NULL,2,'2026-06-11 07:02:01','2026-06-11 07:02:01'),(1052,912,'2026-07-18',6,'LUNCH','UNCONFIGURED',NULL,NULL,NULL,NULL,NULL,NULL,NULL,1,'2026-06-11 07:02:01','2026-06-11 07:02:01'),(1053,912,'2026-07-18',6,'DINNER','UNCONFIGURED',NULL,NULL,NULL,NULL,NULL,NULL,NULL,2,'2026-06-11 07:02:01','2026-06-11 07:02:01'),(1054,912,'2026-07-19',7,'LUNCH','REST',NULL,NULL,NULL,NULL,NULL,NULL,NULL,1,'2026-06-11 07:02:01','2026-06-11 07:02:01'),(1055,912,'2026-07-19',7,'DINNER','REST',NULL,NULL,NULL,NULL,NULL,NULL,NULL,2,'2026-06-11 07:02:01','2026-06-11 07:02:01'),(1056,913,'2026-07-20',1,'LUNCH','UNCONFIGURED',NULL,NULL,NULL,NULL,NULL,NULL,NULL,1,'2026-06-11 07:02:01','2026-06-11 07:02:01'),(1057,913,'2026-07-20',1,'DINNER','UNCONFIGURED',NULL,NULL,NULL,NULL,NULL,NULL,NULL,2,'2026-06-11 07:02:01','2026-06-11 07:02:01'),(1058,913,'2026-07-21',2,'LUNCH','UNCONFIGURED',NULL,NULL,NULL,NULL,NULL,NULL,NULL,1,'2026-06-11 07:02:01','2026-06-11 07:02:01'),(1059,913,'2026-07-21',2,'DINNER','UNCONFIGURED',NULL,NULL,NULL,NULL,NULL,NULL,NULL,2,'2026-06-11 07:02:01','2026-06-11 07:02:01'),(1060,913,'2026-07-22',3,'LUNCH','UNCONFIGURED',NULL,NULL,NULL,NULL,NULL,NULL,NULL,1,'2026-06-11 07:02:01','2026-06-11 07:02:01'),(1061,913,'2026-07-22',3,'DINNER','UNCONFIGURED',NULL,NULL,NULL,NULL,NULL,NULL,NULL,2,'2026-06-11 07:02:01','2026-06-11 07:02:01'),(1062,913,'2026-07-23',4,'LUNCH','UNCONFIGURED',NULL,NULL,NULL,NULL,NULL,NULL,NULL,1,'2026-06-11 07:02:01','2026-06-11 07:02:01'),(1063,913,'2026-07-23',4,'DINNER','UNCONFIGURED',NULL,NULL,NULL,NULL,NULL,NULL,NULL,2,'2026-06-11 07:02:01','2026-06-11 07:02:01'),(1064,913,'2026-07-24',5,'LUNCH','UNCONFIGURED',NULL,NULL,NULL,NULL,NULL,NULL,NULL,1,'2026-06-11 07:02:01','2026-06-11 07:02:01'),(1065,913,'2026-07-24',5,'DINNER','UNCONFIGURED',NULL,NULL,NULL,NULL,NULL,NULL,NULL,2,'2026-06-11 07:02:01','2026-06-11 07:02:01'),(1066,913,'2026-07-25',6,'LUNCH','UNCONFIGURED',NULL,NULL,NULL,NULL,NULL,NULL,NULL,1,'2026-06-11 07:02:01','2026-06-11 07:02:01'),(1067,913,'2026-07-25',6,'DINNER','UNCONFIGURED',NULL,NULL,NULL,NULL,NULL,NULL,NULL,2,'2026-06-11 07:02:01','2026-06-11 07:02:01'),(1068,913,'2026-07-26',7,'LUNCH','REST',NULL,NULL,NULL,NULL,NULL,NULL,NULL,1,'2026-06-11 07:02:01','2026-06-11 07:02:01'),(1069,913,'2026-07-26',7,'DINNER','REST',NULL,NULL,NULL,NULL,NULL,NULL,NULL,2,'2026-06-11 07:02:01','2026-06-11 07:02:01'),(1070,914,'2026-07-27',1,'LUNCH','UNCONFIGURED',NULL,NULL,NULL,NULL,NULL,NULL,NULL,1,'2026-06-11 07:02:01','2026-06-11 07:02:01'),(1071,914,'2026-07-27',1,'DINNER','UNCONFIGURED',NULL,NULL,NULL,NULL,NULL,NULL,NULL,2,'2026-06-11 07:02:01','2026-06-11 07:02:01'),(1072,914,'2026-07-28',2,'LUNCH','UNCONFIGURED',NULL,NULL,NULL,NULL,NULL,NULL,NULL,1,'2026-06-11 07:02:01','2026-06-11 07:02:01'),(1073,914,'2026-07-28',2,'DINNER','UNCONFIGURED',NULL,NULL,NULL,NULL,NULL,NULL,NULL,2,'2026-06-11 07:02:01','2026-06-11 07:02:01'),(1074,914,'2026-07-29',3,'LUNCH','UNCONFIGURED',NULL,NULL,NULL,NULL,NULL,NULL,NULL,1,'2026-06-11 07:02:01','2026-06-11 07:02:01'),(1075,914,'2026-07-29',3,'DINNER','UNCONFIGURED',NULL,NULL,NULL,NULL,NULL,NULL,NULL,2,'2026-06-11 07:02:01','2026-06-11 07:02:01'),(1076,914,'2026-07-30',4,'LUNCH','UNCONFIGURED',NULL,NULL,NULL,NULL,NULL,NULL,NULL,1,'2026-06-11 07:02:01','2026-06-11 07:02:01'),(1077,914,'2026-07-30',4,'DINNER','UNCONFIGURED',NULL,NULL,NULL,NULL,NULL,NULL,NULL,2,'2026-06-11 07:02:01','2026-06-11 07:02:01'),(1078,914,'2026-07-31',5,'LUNCH','UNCONFIGURED',NULL,NULL,NULL,NULL,NULL,NULL,NULL,1,'2026-06-11 07:02:01','2026-06-11 07:02:01'),(1079,914,'2026-07-31',5,'DINNER','UNCONFIGURED',NULL,NULL,NULL,NULL,NULL,NULL,NULL,2,'2026-06-11 07:02:01','2026-06-11 07:02:01'),(1080,914,'2026-08-01',6,'LUNCH','UNCONFIGURED',NULL,NULL,NULL,NULL,NULL,NULL,NULL,1,'2026-06-11 07:02:01','2026-06-11 07:02:01'),(1081,914,'2026-08-01',6,'DINNER','UNCONFIGURED',NULL,NULL,NULL,NULL,NULL,NULL,NULL,2,'2026-06-11 07:02:01','2026-06-11 07:02:01'),(1082,914,'2026-08-02',7,'LUNCH','REST',NULL,NULL,NULL,NULL,NULL,NULL,NULL,1,'2026-06-11 07:02:01','2026-06-11 07:02:01'),(1083,914,'2026-08-02',7,'DINNER','REST',NULL,NULL,NULL,NULL,NULL,NULL,NULL,2,'2026-06-11 07:02:01','2026-06-11 07:02:01'),(1084,915,'2026-08-03',1,'LUNCH','UNCONFIGURED',NULL,NULL,NULL,NULL,NULL,NULL,NULL,1,'2026-06-11 07:02:02','2026-06-11 07:02:02'),(1085,915,'2026-08-03',1,'DINNER','UNCONFIGURED',NULL,NULL,NULL,NULL,NULL,NULL,NULL,2,'2026-06-11 07:02:02','2026-06-11 07:02:02'),(1086,915,'2026-08-04',2,'LUNCH','UNCONFIGURED',NULL,NULL,NULL,NULL,NULL,NULL,NULL,1,'2026-06-11 07:02:02','2026-06-11 07:02:02'),(1087,915,'2026-08-04',2,'DINNER','UNCONFIGURED',NULL,NULL,NULL,NULL,NULL,NULL,NULL,2,'2026-06-11 07:02:02','2026-06-11 07:02:02'),(1088,915,'2026-08-05',3,'LUNCH','UNCONFIGURED',NULL,NULL,NULL,NULL,NULL,NULL,NULL,1,'2026-06-11 07:02:02','2026-06-11 07:02:02'),(1089,915,'2026-08-05',3,'DINNER','UNCONFIGURED',NULL,NULL,NULL,NULL,NULL,NULL,NULL,2,'2026-06-11 07:02:02','2026-06-11 07:02:02'),(1090,915,'2026-08-06',4,'LUNCH','UNCONFIGURED',NULL,NULL,NULL,NULL,NULL,NULL,NULL,1,'2026-06-11 07:02:02','2026-06-11 07:02:02'),(1091,915,'2026-08-06',4,'DINNER','UNCONFIGURED',NULL,NULL,NULL,NULL,NULL,NULL,NULL,2,'2026-06-11 07:02:02','2026-06-11 07:02:02'),(1092,915,'2026-08-07',5,'LUNCH','UNCONFIGURED',NULL,NULL,NULL,NULL,NULL,NULL,NULL,1,'2026-06-11 07:02:02','2026-06-11 07:02:02'),(1093,915,'2026-08-07',5,'DINNER','UNCONFIGURED',NULL,NULL,NULL,NULL,NULL,NULL,NULL,2,'2026-06-11 07:02:02','2026-06-11 07:02:02'),(1094,915,'2026-08-08',6,'LUNCH','UNCONFIGURED',NULL,NULL,NULL,NULL,NULL,NULL,NULL,1,'2026-06-11 07:02:02','2026-06-11 07:02:02'),(1095,915,'2026-08-08',6,'DINNER','UNCONFIGURED',NULL,NULL,NULL,NULL,NULL,NULL,NULL,2,'2026-06-11 07:02:02','2026-06-11 07:02:02'),(1096,915,'2026-08-09',7,'LUNCH','REST',NULL,NULL,NULL,NULL,NULL,NULL,NULL,1,'2026-06-11 07:02:02','2026-06-11 07:02:02'),(1097,915,'2026-08-09',7,'DINNER','REST',NULL,NULL,NULL,NULL,NULL,NULL,NULL,2,'2026-06-11 07:02:02','2026-06-11 07:02:02');
/*!40000 ALTER TABLE `menu_week_items` ENABLE KEYS */;
UNLOCK TABLES;
DROP TABLE IF EXISTS `menu_weeks`;
/*!40101 SET @saved_cs_client     = @@character_set_client */;
/*!50503 SET character_set_client = utf8mb4 */;
CREATE TABLE `menu_weeks` (
  `id` bigint NOT NULL AUTO_INCREMENT,
  `week_start_date` date NOT NULL,
  `week_end_date` date NOT NULL,
  `status` varchar(32) COLLATE utf8mb4_unicode_ci NOT NULL,
  `published_at` timestamp NULL DEFAULT NULL,
  `created_at` timestamp NOT NULL DEFAULT CURRENT_TIMESTAMP,
  `updated_at` timestamp NOT NULL DEFAULT CURRENT_TIMESTAMP,
  `created_by` varchar(64) COLLATE utf8mb4_unicode_ci NOT NULL,
  `published_by` varchar(64) COLLATE utf8mb4_unicode_ci DEFAULT NULL,
  PRIMARY KEY (`id`),
  UNIQUE KEY `uk_menu_weeks_week_start_date` (`week_start_date`)
) ENGINE=InnoDB AUTO_INCREMENT=916 DEFAULT CHARSET=utf8mb4 COLLATE=utf8mb4_unicode_ci;
/*!40101 SET character_set_client = @saved_cs_client */;

LOCK TABLES `menu_weeks` WRITE;
/*!40000 ALTER TABLE `menu_weeks` DISABLE KEYS */;
INSERT INTO `menu_weeks` VALUES (907,'2026-06-08','2026-06-14','PUBLISHED','2026-06-11 07:01:20','2026-06-10 09:02:00','2026-06-11 07:02:31','system','system'),(908,'2026-06-15','2026-06-21','PUBLISHED','2026-06-16 09:47:31','2026-06-11 07:01:39','2026-06-16 09:48:29','system','system'),(909,'2026-06-22','2026-06-28','DRAFT',NULL,'2026-06-11 07:02:00','2026-06-23 03:56:18','system',NULL),(910,'2026-06-29','2026-07-05','DRAFT',NULL,'2026-06-11 07:02:00','2026-06-11 07:02:00','system',NULL),(911,'2026-07-06','2026-07-12','DRAFT',NULL,'2026-06-11 07:02:00','2026-06-11 07:02:00','system',NULL),(912,'2026-07-13','2026-07-19','DRAFT',NULL,'2026-06-11 07:02:01','2026-06-11 07:02:01','system',NULL),(913,'2026-07-20','2026-07-26','DRAFT',NULL,'2026-06-11 07:02:01','2026-06-11 07:02:01','system',NULL),(914,'2026-07-27','2026-08-02','DRAFT',NULL,'2026-06-11 07:02:01','2026-06-11 07:02:01','system',NULL),(915,'2026-08-03','2026-08-09','DRAFT',NULL,'2026-06-11 07:02:02','2026-06-11 07:02:02','system',NULL);
/*!40000 ALTER TABLE `menu_weeks` ENABLE KEYS */;
UNLOCK TABLES;
DROP TABLE IF EXISTS `operating_metrics_daily`;
/*!40101 SET @saved_cs_client     = @@character_set_client */;
/*!50503 SET character_set_client = utf8mb4 */;
CREATE TABLE `operating_metrics_daily` (
  `id` bigint NOT NULL AUTO_INCREMENT,
  `stat_date` date NOT NULL,
  `total_sales` decimal(10,2) NOT NULL DEFAULT '0.00',
  `total_cost` decimal(10,2) NOT NULL DEFAULT '0.00',
  `total_profit` decimal(10,2) NOT NULL DEFAULT '0.00',
  `total_orders` int NOT NULL DEFAULT '0',
  `total_meals` int NOT NULL DEFAULT '0',
  `special_orders` int NOT NULL DEFAULT '0',
  `aftersale_count` int NOT NULL DEFAULT '0',
  `created_at` timestamp NOT NULL DEFAULT CURRENT_TIMESTAMP,
  PRIMARY KEY (`id`),
  UNIQUE KEY `uk_operating_metrics_daily_stat_date` (`stat_date`)
) ENGINE=InnoDB DEFAULT CHARSET=utf8mb4 COLLATE=utf8mb4_unicode_ci;
/*!40101 SET character_set_client = @saved_cs_client */;

LOCK TABLES `operating_metrics_daily` WRITE;
/*!40000 ALTER TABLE `operating_metrics_daily` DISABLE KEYS */;
/*!40000 ALTER TABLE `operating_metrics_daily` ENABLE KEYS */;
UNLOCK TABLES;
DROP TABLE IF EXISTS `order_notes`;
/*!40101 SET @saved_cs_client     = @@character_set_client */;
/*!50503 SET character_set_client = utf8mb4 */;
CREATE TABLE `order_notes` (
  `id` bigint NOT NULL AUTO_INCREMENT,
  `meal_slot_order_id` bigint NOT NULL,
  `customer_id` bigint NOT NULL,
  `note_type` varchar(16) COLLATE utf8mb4_unicode_ci NOT NULL,
  `source_type` varchar(32) COLLATE utf8mb4_unicode_ci NOT NULL,
  `scope_type` varchar(16) COLLATE utf8mb4_unicode_ci NOT NULL,
  `content` varchar(255) COLLATE utf8mb4_unicode_ci NOT NULL,
  `effective_status` varchar(16) COLLATE utf8mb4_unicode_ci NOT NULL DEFAULT 'ACTIVE',
  `created_by` varchar(64) COLLATE utf8mb4_unicode_ci DEFAULT NULL,
  `created_at` timestamp NOT NULL DEFAULT CURRENT_TIMESTAMP,
  PRIMARY KEY (`id`),
  KEY `idx_order_notes_order` (`meal_slot_order_id`),
  KEY `idx_order_notes_lookup` (`meal_slot_order_id`,`note_type`)
) ENGINE=InnoDB DEFAULT CHARSET=utf8mb4 COLLATE=utf8mb4_unicode_ci;
/*!40101 SET character_set_client = @saved_cs_client */;

LOCK TABLES `order_notes` WRITE;
/*!40000 ALTER TABLE `order_notes` DISABLE KEYS */;
/*!40000 ALTER TABLE `order_notes` ENABLE KEYS */;
UNLOCK TABLES;
DROP TABLE IF EXISTS `package_plans`;
/*!40101 SET @saved_cs_client     = @@character_set_client */;
/*!50503 SET character_set_client = utf8mb4 */;
CREATE TABLE `package_plans` (
  `id` bigint NOT NULL AUTO_INCREMENT,
  `package_code` varchar(32) COLLATE utf8mb4_unicode_ci NOT NULL,
  `package_name` varchar(64) COLLATE utf8mb4_unicode_ci NOT NULL,
  `total_meals` int NOT NULL,
  `enabled` tinyint(1) NOT NULL DEFAULT '1',
  PRIMARY KEY (`id`),
  UNIQUE KEY `package_code` (`package_code`)
) ENGINE=InnoDB AUTO_INCREMENT=902 DEFAULT CHARSET=utf8mb4 COLLATE=utf8mb4_unicode_ci;
/*!40101 SET character_set_client = @saved_cs_client */;

LOCK TABLES `package_plans` WRITE;
/*!40000 ALTER TABLE `package_plans` DISABLE KEYS */;
INSERT INTO `package_plans` VALUES (1,'MONTH_33','33餐月卡套餐',33,1),(2,'WEEK_7','7餐周卡套餐',7,1),(3,'EXCEL_IMPORT_202605','Excel导入套餐',0,1);
/*!40000 ALTER TABLE `package_plans` ENABLE KEYS */;
UNLOCK TABLES;
DROP TABLE IF EXISTS `rider_address_bindings`;
/*!40101 SET @saved_cs_client     = @@character_set_client */;
/*!50503 SET character_set_client = utf8mb4 */;
CREATE TABLE `rider_address_bindings` (
  `id` bigint NOT NULL AUTO_INCREMENT,
  `customer_id` bigint NOT NULL,
  `address_id` bigint NOT NULL,
  `address_fingerprint` varchar(255) COLLATE utf8mb4_unicode_ci NOT NULL,
  `area_code` varchar(64) COLLATE utf8mb4_unicode_ci NOT NULL,
  `rider_profile_id` bigint DEFAULT NULL,
  `manually_confirmed` tinyint(1) NOT NULL DEFAULT '0',
  `updated_reason` varchar(128) COLLATE utf8mb4_unicode_ci DEFAULT NULL,
  `updated_at` timestamp NOT NULL DEFAULT CURRENT_TIMESTAMP,
  PRIMARY KEY (`id`),
  UNIQUE KEY `uk_rider_address_bindings_customer_address` (`customer_id`,`address_id`),
  KEY `idx_rider_address_bindings_fingerprint` (`address_fingerprint`)
) ENGINE=InnoDB AUTO_INCREMENT=14 DEFAULT CHARSET=utf8mb4 COLLATE=utf8mb4_unicode_ci;
/*!40101 SET character_set_client = @saved_cs_client */;

LOCK TABLES `rider_address_bindings` WRITE;
/*!40000 ALTER TABLE `rider_address_bindings` DISABLE KEYS */;
INSERT INTO `rider_address_bindings` VALUES (5,902,902,'高新区软件园B座','高新区',901,1,'AUTO_OR_MANUAL_ASSIGN','2026-05-17 04:33:09'),(6,664,4,'Tulip17764217595湖北省武汉市洪山区维也纳酒店(华中师范大学虎泉地铁站店)7楼7005','街道口',NULL,1,'AREA_MOVED','2026-05-25 06:58:08'),(7,699,5,'龙坤宇15527920293湖北省武汉市江夏区光谷中南财经政法大学(南湖校区)东区临湖公寓七栋','光谷',953,1,'AREA_CONFIRMED','2026-06-18 02:19:35'),(8,546,7,'高13163242799湖北省武汉市洪山区信合家苑312601','光谷',953,1,'AREA_CONFIRMED','2026-05-28 03:34:30'),(9,626,9,'小爽15871464378湖北省武汉市洪山区状元教育(光谷校区)9楼前台','光谷',953,1,'AREA_CONFIRMED','2026-06-18 02:19:35'),(10,694,6,'王湘18627076265湖北省武汉市洪山区保利·华都3期20栋701室','南湖',NULL,1,'AREA_MOVED','2026-05-24 10:05:05'),(11,686,41,'马璇17871633638湖北省武汉市洪山区天真蓝照相馆(街道口店)银泰创意城5楼3号电梯阿迪和耐克旁边','光谷',953,1,'AREA_CONFIRMED','2026-06-18 02:19:35'),(12,909,903,'洪山区狮城·翰园(武汉市洪山区珞狮路449号)4栋1603','光谷',953,1,'AREA_CONFIRMED','2026-06-16 12:06:14'),(13,912,904,'新安万福','光谷',953,1,'AREA_CONFIRMED','2026-06-23 03:59:29');
/*!40000 ALTER TABLE `rider_address_bindings` ENABLE KEYS */;
UNLOCK TABLES;
DROP TABLE IF EXISTS `rider_profiles`;
/*!40101 SET @saved_cs_client     = @@character_set_client */;
/*!50503 SET character_set_client = utf8mb4 */;
CREATE TABLE `rider_profiles` (
  `id` bigint NOT NULL AUTO_INCREMENT,
  `rider_name` varchar(64) COLLATE utf8mb4_unicode_ci NOT NULL,
  `phone` varchar(32) COLLATE utf8mb4_unicode_ci DEFAULT NULL,
  `wechat_open_id` varchar(128) COLLATE utf8mb4_unicode_ci DEFAULT NULL,
  `employment_status` varchar(32) COLLATE utf8mb4_unicode_ci NOT NULL DEFAULT 'ACTIVE',
  `default_area_code` varchar(64) COLLATE utf8mb4_unicode_ci DEFAULT NULL,
  `display_order` int NOT NULL DEFAULT '0',
  `remark` varchar(255) COLLATE utf8mb4_unicode_ci DEFAULT NULL,
  `created_at` timestamp NOT NULL DEFAULT CURRENT_TIMESTAMP,
  `current_openid` varchar(128) COLLATE utf8mb4_unicode_ci DEFAULT NULL,
  `auth_status` varchar(32) COLLATE utf8mb4_unicode_ci NOT NULL DEFAULT 'UNASSIGNED',
  `display_name` varchar(64) COLLATE utf8mb4_unicode_ci DEFAULT NULL,
  `first_login_at` timestamp NULL DEFAULT NULL,
  `last_login_at` timestamp NULL DEFAULT NULL,
  `assigned_at` timestamp NULL DEFAULT NULL,
  `assigned_by` varchar(64) COLLATE utf8mb4_unicode_ci DEFAULT NULL,
  `updated_at` timestamp NULL DEFAULT CURRENT_TIMESTAMP ON UPDATE CURRENT_TIMESTAMP,
  PRIMARY KEY (`id`),
  UNIQUE KEY `uk_rider_profiles_name` (`rider_name`)
) ENGINE=InnoDB AUTO_INCREMENT=958 DEFAULT CHARSET=utf8mb4 COLLATE=utf8mb4_unicode_ci;
/*!40101 SET character_set_client = @saved_cs_client */;

LOCK TABLES `rider_profiles` WRITE;
/*!40000 ALTER TABLE `rider_profiles` DISABLE KEYS */;
INSERT INTO `rider_profiles` VALUES (953,'吴天豪','18171321818','rider_0d37ZgHa15nkJL0EI4Ja1tzVSh47ZgHM','ACTIVE','光谷',0,NULL,'2026-05-19 08:18:39','dev_0d3oTFll2JyXNh4EGqol2Cjsqc2oTFle','ACTIVE','吴天豪','2026-05-21 08:25:10','2026-05-29 06:03:29','2026-05-20 15:20:34','老板','2026-05-29 06:03:29'),(955,'吴慧','15356987071',NULL,'ACTIVE',NULL,0,NULL,'2026-05-20 16:04:09',NULL,'ACTIVE','吴慧',NULL,NULL,'2026-06-16 11:38:57','管理员','2026-06-16 11:38:57');
/*!40000 ALTER TABLE `rider_profiles` ENABLE KEYS */;
UNLOCK TABLES;
DROP TABLE IF EXISTS `subscription_confirmations`;
/*!40101 SET @saved_cs_client     = @@character_set_client */;
/*!50503 SET character_set_client = utf8mb4 */;
CREATE TABLE `subscription_confirmations` (
  `id` bigint NOT NULL AUTO_INCREMENT,
  `serve_date` date NOT NULL,
  `customer_id` bigint NOT NULL,
  `meal_period` varchar(16) COLLATE utf8mb4_unicode_ci NOT NULL,
  `quantity` int NOT NULL DEFAULT '1',
  `status` varchar(32) COLLATE utf8mb4_unicode_ci NOT NULL,
  `address_id` bigint DEFAULT NULL,
  `user_note` varchar(255) COLLATE utf8mb4_unicode_ci DEFAULT NULL,
  `merchant_remark` varchar(255) COLLATE utf8mb4_unicode_ci DEFAULT NULL,
  `is_priority` tinyint(1) NOT NULL DEFAULT '0',
  `confirmed_by` varchar(64) COLLATE utf8mb4_unicode_ci DEFAULT NULL,
  `confirmed_at` timestamp NULL DEFAULT NULL,
  `cancel_reason` varchar(255) COLLATE utf8mb4_unicode_ci DEFAULT NULL,
  `created_at` timestamp NOT NULL DEFAULT CURRENT_TIMESTAMP,
  PRIMARY KEY (`id`)
) ENGINE=InnoDB DEFAULT CHARSET=utf8mb4 COLLATE=utf8mb4_unicode_ci;
/*!40101 SET character_set_client = @saved_cs_client */;

LOCK TABLES `subscription_confirmations` WRITE;
/*!40000 ALTER TABLE `subscription_confirmations` DISABLE KEYS */;
/*!40000 ALTER TABLE `subscription_confirmations` ENABLE KEYS */;
UNLOCK TABLES;
DROP TABLE IF EXISTS `subscription_rules`;
/*!40101 SET @saved_cs_client     = @@character_set_client */;
/*!50503 SET character_set_client = utf8mb4 */;
CREATE TABLE `subscription_rules` (
  `id` bigint NOT NULL AUTO_INCREMENT,
  `customer_id` bigint NOT NULL,
  `active` tinyint(1) NOT NULL DEFAULT '1',
  `lunch_enabled` tinyint(1) NOT NULL DEFAULT '0',
  `lunch_quantity` int NOT NULL DEFAULT '0',
  `lunch_delivery_meal_period` varchar(16) COLLATE utf8mb4_unicode_ci NOT NULL DEFAULT 'LUNCH',
  `dinner_enabled` tinyint(1) NOT NULL DEFAULT '0',
  `dinner_quantity` int NOT NULL DEFAULT '0',
  `dinner_delivery_meal_period` varchar(16) COLLATE utf8mb4_unicode_ci NOT NULL DEFAULT 'DINNER',
  `start_date` date DEFAULT NULL,
  `end_date` date DEFAULT NULL,
  `default_address_id` bigint DEFAULT NULL,
  `merchant_remark` varchar(255) COLLATE utf8mb4_unicode_ci DEFAULT NULL,
  `is_priority_follow` tinyint(1) NOT NULL DEFAULT '0',
  `paused` tinyint(1) NOT NULL DEFAULT '0',
  `created_at` timestamp NOT NULL DEFAULT CURRENT_TIMESTAMP,
  `updated_at` timestamp NOT NULL DEFAULT CURRENT_TIMESTAMP ON UPDATE CURRENT_TIMESTAMP,
  `week_days` varchar(64) COLLATE utf8mb4_unicode_ci NOT NULL DEFAULT '1,2,3,4,5,6,7',
  PRIMARY KEY (`id`),
  KEY `idx_subscription_rules_customer_dates` (`customer_id`,`start_date`,`end_date`,`active`,`paused`),
  KEY `idx_subscription_rules_date_range` (`start_date`,`end_date`,`active`,`paused`)
) ENGINE=InnoDB AUTO_INCREMENT=6 DEFAULT CHARSET=utf8mb4 COLLATE=utf8mb4_unicode_ci COMMENT='固定订餐规则表 - 支持时间段管理';
/*!40101 SET character_set_client = @saved_cs_client */;

LOCK TABLES `subscription_rules` WRITE;
/*!40000 ALTER TABLE `subscription_rules` DISABLE KEYS */;
INSERT INTO `subscription_rules` VALUES (5,909,1,1,1,'LUNCH',0,1,'DINNER','2026-06-17','2026-06-26',903,'',0,0,'2026-06-16 12:02:07','2026-06-26 17:25:12','1,2,3,4,5,6,7');
/*!40000 ALTER TABLE `subscription_rules` ENABLE KEYS */;
UNLOCK TABLES;
DROP TABLE IF EXISTS `users`;
/*!40101 SET @saved_cs_client     = @@character_set_client */;
/*!50503 SET character_set_client = utf8mb4 */;
CREATE TABLE `users` (
  `id` bigint NOT NULL AUTO_INCREMENT,
  `username` varchar(64) COLLATE utf8mb4_unicode_ci NOT NULL,
  `phone` varchar(32) COLLATE utf8mb4_unicode_ci NOT NULL,
  `display_name` varchar(64) COLLATE utf8mb4_unicode_ci NOT NULL,
  `role` varchar(32) COLLATE utf8mb4_unicode_ci NOT NULL,
  `status` varchar(32) COLLATE utf8mb4_unicode_ci NOT NULL DEFAULT 'ENABLED',
  `password_hash` varchar(255) COLLATE utf8mb4_unicode_ci NOT NULL,
  `created_at` timestamp NOT NULL DEFAULT CURRENT_TIMESTAMP,
  `updated_at` timestamp NOT NULL DEFAULT CURRENT_TIMESTAMP,
  PRIMARY KEY (`id`),
  UNIQUE KEY `uk_users_phone` (`phone`),
  UNIQUE KEY `uk_users_username` (`username`)
) ENGINE=InnoDB AUTO_INCREMENT=2 DEFAULT CHARSET=utf8mb4 COLLATE=utf8mb4_unicode_ci;
/*!40101 SET character_set_client = @saved_cs_client */;

LOCK TABLES `users` WRITE;
/*!40000 ALTER TABLE `users` DISABLE KEYS */;
INSERT INTO `users` VALUES (1,'owner','17671863805','商家后台','OWNER','ENABLED','{sha256}cd31a431ebe6d8fc2af53c5fd8a85fdae7c16465b011d850b3ddaee11ce0123e','2026-05-29 03:24:37','2026-05-29 03:24:37');
/*!40000 ALTER TABLE `users` ENABLE KEYS */;
UNLOCK TABLES;
DROP TABLE IF EXISTS `wallet_transactions`;
/*!40101 SET @saved_cs_client     = @@character_set_client */;
/*!50503 SET character_set_client = utf8mb4 */;
CREATE TABLE `wallet_transactions` (
  `id` bigint NOT NULL AUTO_INCREMENT,
  `wallet_id` bigint NOT NULL,
  `transaction_type` varchar(32) COLLATE utf8mb4_unicode_ci NOT NULL,
  `meal_delta` int NOT NULL,
  `operator_name` varchar(64) COLLATE utf8mb4_unicode_ci NOT NULL,
  `remark` varchar(255) COLLATE utf8mb4_unicode_ci DEFAULT NULL,
  `created_at` timestamp NOT NULL DEFAULT CURRENT_TIMESTAMP,
  `biz_type` varchar(32) COLLATE utf8mb4_unicode_ci DEFAULT NULL,
  `related_order_id` bigint DEFAULT NULL,
  `related_aftersale_id` bigint DEFAULT NULL,
  `operator_id` bigint DEFAULT NULL,
  `snapshot_balance` int DEFAULT NULL,
  `related_transaction_id` bigint DEFAULT NULL,
  `refunded` tinyint(1) NOT NULL DEFAULT '0',
  `refund_reason_code` varchar(64) COLLATE utf8mb4_unicode_ci DEFAULT NULL,
  `refund_reason_text` varchar(255) COLLATE utf8mb4_unicode_ci DEFAULT NULL,
  PRIMARY KEY (`id`),
  KEY `idx_wallet_transactions_related_transaction` (`related_transaction_id`),
  KEY `idx_wallet_transactions_related_aftersale` (`related_aftersale_id`)
) ENGINE=InnoDB AUTO_INCREMENT=932 DEFAULT CHARSET=utf8mb4 COLLATE=utf8mb4_unicode_ci;
/*!40101 SET character_set_client = @saved_cs_client */;

LOCK TABLES `wallet_transactions` WRITE;
/*!40000 ALTER TABLE `wallet_transactions` DISABLE KEYS */;
INSERT INTO `wallet_transactions` VALUES (4,664,'RESERVE',-1,'系统','导入外送明日单占用餐次','2026-05-10 04:00:00',NULL,NULL,NULL,NULL,NULL,NULL,0,NULL,NULL),(5,699,'RESERVE',-1,'系统','导入外送明日单占用餐次','2026-05-10 04:00:00',NULL,NULL,NULL,NULL,NULL,NULL,0,NULL,NULL),(6,699,'RESERVE',-1,'系统','导入外送明日单占用餐次','2026-05-10 04:00:00',NULL,NULL,NULL,NULL,NULL,NULL,0,NULL,NULL),(7,694,'RESERVE',-1,'系统','导入外送明日单占用餐次','2026-05-10 04:00:00',NULL,NULL,NULL,NULL,NULL,NULL,0,NULL,NULL),(8,694,'RESERVE',-1,'系统','导入外送明日单占用餐次','2026-05-10 04:00:00',NULL,NULL,NULL,NULL,NULL,NULL,0,NULL,NULL),(9,546,'RESERVE',-1,'系统','导入外送明日单占用餐次','2026-05-10 04:00:00',NULL,NULL,NULL,NULL,NULL,NULL,0,NULL,NULL),(10,653,'RESERVE',-1,'系统','导入外送明日单占用餐次','2026-05-10 04:00:00',NULL,NULL,NULL,NULL,NULL,NULL,0,NULL,NULL),(11,626,'RESERVE',-1,'系统','导入外送明日单占用餐次','2026-05-10 04:00:00',NULL,NULL,NULL,NULL,NULL,NULL,0,NULL,NULL),(12,626,'RESERVE',-1,'系统','导入外送明日单占用餐次','2026-05-10 04:00:00',NULL,NULL,NULL,NULL,NULL,NULL,0,NULL,NULL),(13,553,'RESERVE',-1,'系统','导入外送明日单占用餐次','2026-05-10 04:00:00',NULL,NULL,NULL,NULL,NULL,NULL,0,NULL,NULL),(14,549,'RESERVE',-1,'系统','导入外送明日单占用餐次','2026-05-10 04:00:00',NULL,NULL,NULL,NULL,NULL,NULL,0,NULL,NULL),(15,619,'RESERVE',-1,'系统','导入外送明日单占用餐次','2026-05-10 04:00:00',NULL,NULL,NULL,NULL,NULL,NULL,0,NULL,NULL),(16,470,'RESERVE',-1,'系统','导入外送明日单占用餐次','2026-05-10 04:00:00',NULL,NULL,NULL,NULL,NULL,NULL,0,NULL,NULL),(17,415,'RESERVE',-1,'系统','导入外送明日单占用餐次','2026-05-10 04:00:00',NULL,NULL,NULL,NULL,NULL,NULL,0,NULL,NULL),(18,607,'RESERVE',-1,'系统','导入外送明日单占用餐次','2026-05-10 04:00:00',NULL,NULL,NULL,NULL,NULL,NULL,0,NULL,NULL),(19,616,'RESERVE',-1,'系统','导入外送明日单占用餐次','2026-05-10 04:00:00',NULL,NULL,NULL,NULL,NULL,NULL,0,NULL,NULL),(20,747,'RESERVE',-1,'系统','导入外送明日单占用餐次','2026-05-10 04:00:00',NULL,NULL,NULL,NULL,NULL,NULL,0,NULL,NULL),(21,724,'RESERVE',-1,'系统','导入外送明日单占用餐次','2026-05-10 04:00:00',NULL,NULL,NULL,NULL,NULL,NULL,0,NULL,NULL),(22,724,'RESERVE',-1,'系统','导入外送明日单占用餐次','2026-05-10 04:00:00',NULL,NULL,NULL,NULL,NULL,NULL,0,NULL,NULL),(23,690,'RESERVE',-1,'系统','导入外送明日单占用餐次','2026-05-10 04:00:00',NULL,NULL,NULL,NULL,NULL,NULL,0,NULL,NULL),(24,564,'RESERVE',-1,'系统','导入外送明日单占用餐次','2026-05-10 04:00:00',NULL,NULL,NULL,NULL,NULL,NULL,0,NULL,NULL),(25,697,'RESERVE',-1,'系统','导入外送明日单占用餐次','2026-05-10 04:00:00',NULL,NULL,NULL,NULL,NULL,NULL,0,NULL,NULL),(26,494,'RESERVE',-1,'系统','导入外送明日单占用餐次','2026-05-10 04:00:00',NULL,NULL,NULL,NULL,NULL,NULL,0,NULL,NULL),(27,494,'RESERVE',-1,'系统','导入外送明日单占用餐次','2026-05-10 04:00:00',NULL,NULL,NULL,NULL,NULL,NULL,0,NULL,NULL),(28,700,'RESERVE',-1,'系统','导入外送明日单占用餐次','2026-05-10 04:00:00',NULL,NULL,NULL,NULL,NULL,NULL,0,NULL,NULL),(29,639,'RESERVE',-1,'系统','导入外送明日单占用餐次','2026-05-10 04:00:00',NULL,NULL,NULL,NULL,NULL,NULL,0,NULL,NULL),(30,650,'RESERVE',-1,'系统','导入外送明日单占用餐次','2026-05-10 04:00:00',NULL,NULL,NULL,NULL,NULL,NULL,0,NULL,NULL),(31,609,'RESERVE',-1,'系统','导入外送明日单占用餐次','2026-05-10 04:00:00',NULL,NULL,NULL,NULL,NULL,NULL,0,NULL,NULL),(32,755,'RESERVE',-1,'系统','导入外送明日单占用餐次','2026-05-10 04:00:00',NULL,NULL,NULL,NULL,NULL,NULL,0,NULL,NULL),(33,597,'RESERVE',-1,'系统','导入外送明日单占用餐次','2026-05-10 04:00:00',NULL,NULL,NULL,NULL,NULL,NULL,0,NULL,NULL),(34,597,'RESERVE',-1,'系统','导入外送明日单占用餐次','2026-05-10 04:00:00',NULL,NULL,NULL,NULL,NULL,NULL,0,NULL,NULL),(35,605,'RESERVE',-1,'系统','导入外送明日单占用餐次','2026-05-10 04:00:00',NULL,NULL,NULL,NULL,NULL,NULL,0,NULL,NULL),(36,605,'RESERVE',-1,'系统','导入外送明日单占用餐次','2026-05-10 04:00:00',NULL,NULL,NULL,NULL,NULL,NULL,0,NULL,NULL),(37,728,'RESERVE',-1,'系统','导入外送明日单占用餐次','2026-05-10 04:00:00',NULL,NULL,NULL,NULL,NULL,NULL,0,NULL,NULL),(38,563,'RESERVE',-1,'系统','导入外送明日单占用餐次','2026-05-10 04:00:00',NULL,NULL,NULL,NULL,NULL,NULL,0,NULL,NULL),(39,508,'RESERVE',-1,'系统','导入外送明日单占用餐次','2026-05-10 04:00:00',NULL,NULL,NULL,NULL,NULL,NULL,0,NULL,NULL),(40,562,'RESERVE',-1,'系统','导入外送明日单占用餐次','2026-05-10 04:00:00',NULL,NULL,NULL,NULL,NULL,NULL,0,NULL,NULL),(41,562,'RESERVE',-1,'系统','导入外送明日单占用餐次','2026-05-10 04:00:00',NULL,NULL,NULL,NULL,NULL,NULL,0,NULL,NULL),(42,717,'RESERVE',-1,'系统','导入外送明日单占用餐次','2026-05-10 04:00:00',NULL,NULL,NULL,NULL,NULL,NULL,0,NULL,NULL),(43,717,'RESERVE',-1,'系统','导入外送明日单占用餐次','2026-05-10 04:00:00',NULL,NULL,NULL,NULL,NULL,NULL,0,NULL,NULL),(44,657,'RESERVE',-1,'系统','导入外送明日单占用餐次','2026-05-10 04:00:00',NULL,NULL,NULL,NULL,NULL,NULL,0,NULL,NULL),(45,657,'RESERVE',-1,'系统','导入外送明日单占用餐次','2026-05-10 04:00:00',NULL,NULL,NULL,NULL,NULL,NULL,0,NULL,NULL),(46,645,'RESERVE',-1,'系统','导入外送明日单占用餐次','2026-05-10 04:00:00',NULL,NULL,NULL,NULL,NULL,NULL,0,NULL,NULL),(47,645,'RESERVE',-1,'系统','导入外送明日单占用餐次','2026-05-10 04:00:00',NULL,NULL,NULL,NULL,NULL,NULL,0,NULL,NULL),(48,514,'RESERVE',-1,'系统','导入外送明日单占用餐次','2026-05-10 04:00:00',NULL,NULL,NULL,NULL,NULL,NULL,0,NULL,NULL),(49,514,'RESERVE',-1,'系统','导入外送明日单占用餐次','2026-05-10 04:00:00',NULL,NULL,NULL,NULL,NULL,NULL,0,NULL,NULL),(50,722,'RESERVE',-1,'系统','导入外送明日单占用餐次','2026-05-10 04:00:00',NULL,NULL,NULL,NULL,NULL,NULL,0,NULL,NULL),(51,753,'RESERVE',-1,'系统','导入外送明日单占用餐次','2026-05-10 04:00:00',NULL,NULL,NULL,NULL,NULL,NULL,0,NULL,NULL),(52,591,'RESERVE',-1,'系统','导入外送明日单占用餐次','2026-05-10 04:00:00',NULL,NULL,NULL,NULL,NULL,NULL,0,NULL,NULL),(53,591,'RESERVE',-1,'系统','导入外送明日单占用餐次','2026-05-10 04:00:00',NULL,NULL,NULL,NULL,NULL,NULL,0,NULL,NULL),(54,686,'RESERVE',-1,'系统','导入外送明日单占用餐次','2026-05-10 04:00:00',NULL,NULL,NULL,NULL,NULL,NULL,0,NULL,NULL),(55,529,'RESERVE',-1,'系统','导入外送明日单占用餐次','2026-05-10 04:00:00',NULL,NULL,NULL,NULL,NULL,NULL,0,NULL,NULL),(56,686,'RESERVE',-1,'系统','导入外送明日单占用餐次','2026-05-10 04:00:00',NULL,NULL,NULL,NULL,NULL,NULL,0,NULL,NULL),(57,686,'RESERVE',-1,'系统','导入外送明日单占用餐次','2026-05-10 04:00:00',NULL,NULL,NULL,NULL,NULL,NULL,0,NULL,NULL),(58,702,'RESERVE',-1,'系统','导入外送明日单占用餐次','2026-05-10 04:00:00',NULL,NULL,NULL,NULL,NULL,NULL,0,NULL,NULL),(59,730,'RESERVE',-1,'系统','导入外送明日单占用餐次','2026-05-10 04:00:00',NULL,NULL,NULL,NULL,NULL,NULL,0,NULL,NULL),(60,730,'RESERVE',-1,'系统','导入外送明日单占用餐次','2026-05-10 04:00:00',NULL,NULL,NULL,NULL,NULL,NULL,0,NULL,NULL),(61,660,'RESERVE',-1,'系统','导入外送明日单占用餐次','2026-05-10 04:00:00',NULL,NULL,NULL,NULL,NULL,NULL,0,NULL,NULL),(62,660,'RESERVE',-1,'系统','导入外送明日单占用餐次','2026-05-10 04:00:00',NULL,NULL,NULL,NULL,NULL,NULL,0,NULL,NULL),(63,631,'RESERVE',-1,'系统','导入外送明日单占用餐次','2026-05-10 04:00:00',NULL,NULL,NULL,NULL,NULL,NULL,0,NULL,NULL),(64,640,'RESERVE',-1,'系统','导入外送明日单占用餐次','2026-05-10 04:00:00',NULL,NULL,NULL,NULL,NULL,NULL,0,NULL,NULL),(65,739,'RESERVE',-1,'系统','导入外送明日单占用餐次','2026-05-10 04:00:00',NULL,NULL,NULL,NULL,NULL,NULL,0,NULL,NULL),(66,696,'RESERVE',-1,'系统','导入外送明日单占用餐次','2026-05-10 04:00:00',NULL,NULL,NULL,NULL,NULL,NULL,0,NULL,NULL),(67,586,'RESERVE',-1,'系统','导入外送明日单占用餐次','2026-05-10 04:00:00',NULL,NULL,NULL,NULL,NULL,NULL,0,NULL,NULL),(68,586,'RESERVE',-1,'系统','导入外送明日单占用餐次','2026-05-10 04:00:00',NULL,NULL,NULL,NULL,NULL,NULL,0,NULL,NULL),(69,666,'RESERVE',-1,'系统','导入外送明日单占用餐次','2026-05-10 04:00:00',NULL,NULL,NULL,NULL,NULL,NULL,0,NULL,NULL),(70,632,'RESERVE',-1,'系统','导入外送明日单占用餐次','2026-05-10 04:00:00',NULL,NULL,NULL,NULL,NULL,NULL,0,NULL,NULL),(902,664,'CONSUME',-1,'系统','送达后核销餐次','2026-05-23 04:59:36',NULL,NULL,NULL,NULL,NULL,NULL,0,NULL,NULL),(903,664,'CONSUME',-1,'系统','送达后核销餐次','2026-05-23 06:55:00',NULL,NULL,NULL,NULL,NULL,NULL,0,NULL,NULL),(904,699,'CONSUME',-1,'系统','送达后核销餐次','2026-05-23 09:25:45',NULL,NULL,NULL,NULL,NULL,NULL,0,NULL,NULL),(905,546,'CONSUME',-1,'系统','送达后核销餐次','2026-05-23 10:27:13',NULL,NULL,NULL,NULL,NULL,NULL,0,NULL,NULL),(906,902,'GRANT',5,'后台客服','补餐','2026-05-24 05:50:35','GRANT',NULL,NULL,NULL,5,NULL,0,NULL,NULL),(907,694,'RELEASE',1,'系统','删除订单释放餐次','2026-05-10 04:00:00',NULL,NULL,NULL,NULL,NULL,NULL,0,NULL,NULL),(908,664,'RELEASE',1,'系统','删除订单释放餐次','2026-05-10 04:00:00',NULL,NULL,NULL,NULL,NULL,NULL,0,NULL,NULL),(909,902,'RESERVE',-1,'小程序','用户自主下单占用餐次','2026-05-28 04:57:13',NULL,NULL,NULL,NULL,NULL,NULL,0,NULL,NULL),(910,902,'RELEASE',1,'系统','取消订单释放餐次','2026-05-10 04:00:00',NULL,NULL,NULL,NULL,NULL,NULL,0,NULL,NULL),(911,902,'RESERVE',-1,'系统','代客录单占用餐次','2026-05-10 04:00:00',NULL,NULL,NULL,NULL,NULL,NULL,0,NULL,NULL),(912,902,'RESERVE',-1,'系统','代客录单占用餐次','2026-05-28 16:47:25',NULL,NULL,2,NULL,NULL,915,1,'USER_TEMP_CHANGE','临时有事'),(913,902,'RESERVE',-1,'系统','代客录单占用餐次','2026-05-28 16:48:07',NULL,NULL,1,NULL,NULL,914,1,'USER_TEMP_CHANGE','临时有事'),(914,902,'REFUND_RETURN',1,'系统自动处理','已退款退回餐次：临时有事','2026-05-28 16:50:51',NULL,1294,1,NULL,3,913,0,'USER_TEMP_CHANGE','临时有事'),(915,902,'REFUND_RETURN',1,'系统自动处理','已退款退回餐次：临时有事','2026-05-28 16:51:16',NULL,1293,2,NULL,4,912,0,'USER_TEMP_CHANGE','临时有事'),(916,902,'RESERVE',-1,'小程序','用户自主下单占用餐次','2026-05-29 04:18:15',NULL,NULL,NULL,NULL,NULL,NULL,0,NULL,NULL),(917,902,'RELEASE',1,'系统','取消订单释放餐次','2026-05-29 04:18:20',NULL,NULL,NULL,NULL,NULL,NULL,0,NULL,NULL),(918,902,'RESERVE',-1,'系统','代客录单占用餐次','2026-05-29 04:19:26',NULL,NULL,NULL,NULL,NULL,NULL,0,NULL,NULL),(919,902,'RESERVE',-1,'系统','代客录单占用餐次','2026-05-29 05:48:53',NULL,1297,NULL,NULL,NULL,NULL,0,NULL,NULL),(920,902,'CONSUME',-1,'系统','送达后核销餐次','2026-05-29 05:50:26',NULL,1297,NULL,NULL,NULL,NULL,0,NULL,NULL),(921,902,'CONSUME',-1,'系统','送达后核销餐次','2026-05-29 06:03:36',NULL,1296,NULL,NULL,NULL,NULL,0,NULL,NULL),(922,902,'RESERVE',-1,'系统','代客录单占用餐次','2026-06-11 07:02:47',NULL,1298,NULL,NULL,NULL,NULL,0,NULL,NULL),(923,903,'GRANT',100,'后台客服','补餐','2026-06-11 14:24:02','GRANT',NULL,NULL,NULL,100,NULL,0,NULL,NULL),(924,903,'GRANT',5,'后台客服','补餐','2026-06-13 08:33:19','GRANT',NULL,NULL,NULL,105,NULL,0,NULL,NULL),(925,903,'GRANT',5,'后台客服','补餐','2026-06-13 08:57:09','GRANT',NULL,NULL,NULL,110,NULL,0,NULL,NULL),(926,903,'RESERVE',-1,'系统','代客录单占用餐次','2026-06-16 09:48:50',NULL,1299,NULL,NULL,NULL,NULL,0,NULL,NULL),(927,902,'RESERVE',-1,'系统','代客录单占用餐次','2026-06-16 12:04:22',NULL,1300,NULL,NULL,NULL,NULL,0,NULL,NULL),(928,903,'RESERVE',-1,'系统','代客录单占用餐次','2026-06-18 01:24:40',NULL,1301,NULL,NULL,NULL,NULL,0,NULL,NULL),(929,903,'RESERVE',-1,'系统','代客录单占用餐次','2026-06-18 01:31:04',NULL,1302,NULL,NULL,NULL,NULL,0,NULL,NULL),(930,903,'RESERVE',-1,'系统','代客录单加餐占用餐次','2026-06-18 01:31:22',NULL,1301,NULL,NULL,NULL,NULL,0,NULL,NULL),(931,903,'RESERVE',-1,'系统','代客录单占用餐次','2026-06-23 03:56:48',NULL,1303,NULL,NULL,NULL,NULL,0,NULL,NULL);
/*!40000 ALTER TABLE `wallet_transactions` ENABLE KEYS */;
UNLOCK TABLES;
/*!40103 SET TIME_ZONE=@OLD_TIME_ZONE */;

/*!40101 SET SQL_MODE=@OLD_SQL_MODE */;
/*!40014 SET FOREIGN_KEY_CHECKS=@OLD_FOREIGN_KEY_CHECKS */;
/*!40014 SET UNIQUE_CHECKS=@OLD_UNIQUE_CHECKS */;
/*!40101 SET CHARACTER_SET_CLIENT=@OLD_CHARACTER_SET_CLIENT */;
/*!40101 SET CHARACTER_SET_RESULTS=@OLD_CHARACTER_SET_RESULTS */;
/*!40101 SET COLLATION_CONNECTION=@OLD_COLLATION_CONNECTION */;
/*!40111 SET SQL_NOTES=@OLD_SQL_NOTES */;

